/* Data for table s_blog */
TRUNCATE TABLE `s_blog`;
INSERT INTO `s_blog` (`id`, `name`, `url`, `meta_title`, `meta_keywords`, `meta_description`, `annotation`, `text`, `visible`, `date`) VALUES
('2','Как мы делаем штрудели :-) ','kak-my-delaem-shtrudeli---','Как мы делаем штрудели :-) ','Как мы делаем штрудели :-) ','Как мы делаем штрудели:   https://youtu.be/YRTaPEuMH8M','<p>Как мы делаем штрудели: &nbsp;<a href=\"https://youtu.be/YRTaPEuMH8M\">https://youtu.be/YRTaPEuMH8M</a>&nbsp;</p>','<p><span>Как мы делаем штрудели: &nbsp;</span><a href=\"https://youtu.be/YRTaPEuMH8M\">https://youtu.be/YRTaPEuMH8M</a><span>&nbsp;</span></p>','1','2016-04-10 00:00:00'),
('3','Открылся новый магазин нашей сети!','otkrylsya-novyj-magazin-nashej-seti','Открылся новый магазин нашей сети!','Открылся новый магазин нашей сети!','Дорогие друзья!\r\nРады сообщить вам о нашем новом кафетерии, открывшемся по адресу: площадь Греческая, 1 - ТРЦ \"Греческий\"!\r\n\r\nЖдём вас всех к себе в гости на чашку ароматного кофе со всякими вкусняшками :-) \r\n\r\nОчень надеемся увидеть вас у себя в гостях с 10:00 до 20:00 без выходных!','<p>Дорогие друзья!<br />Рады сообщить вам о нашем новом кафетерии, открывшемся по адресу: площадь Греческая, 1 - ТРЦ \"Греческий\"!</p><p>Ждём вас всех к себе в гости на чашку ароматного кофе со всякими вкусняшками :-)</p><p>Очень надеемся увидеть вас у себя в гостях с 10:00 до 20:00 без выходных!</p>','<p>Дорогие друзья!<br />Рады сообщить вам о нашем новом кафетерии, открывшемся по адресу: площадь Греческая, 1 - ТРЦ \"Греческий\"!</p><p>Ждём вас всех к себе в гости на чашку ароматного кофе со всякими вкусняшками :-)</p><p>Очень надеемся увидеть вас у себя в гостях с 10:00 до 20:00 без выходных!</p>','1','2016-05-13 00:00:00'),
('4','Вводится новая услуга - ДОСТАВКА СВЕЖЕЙ ЕДЫ','vvoditsya-novaya-usluga---dostavka-svezhej-edy','Вводится новая услуга - ДОСТАВКА СВЕЖЕЙ ЕДЫ','Вводится новая услуга - ДОСТАВКА СВЕЖЕЙ ЕДЫ','ДОСТАВЛЯЕМ БЫСТРО ВКУСНУЮ ЕДУ!\r\n\r\nЗаказы принимаются по тел.: 067-481-54-64 или 067-480-03-92 с 10.00 до 17.00 в рабочие дни (кроме праздников, Сб и Вс)\r\n\r\nМинимальный заказ - на сумму 200 грн. Стоимость доставки и тара входит в цену заказанной продукции. \r\nПри заказе на сумму, меньшую чем 200 грн., доставка оплачивается отдельно, в зависимости от района города.\r\n\r\nНаши адреса:\r\n========= \r\n- ул.Пушкинская, 42 (вход с Успенской)\r\n- ул.Б.Арнаутская, 7а (угол Канатного переулка)\r\n- пл.Греческая, 1','<p><strong>ДОСТАВЛЯЕМ БЫСТРО ВКУСНУЮ ЕДУ!</strong><br /><br /><span>Заказы принимаются по тел.: <strong>067-481-54-64</strong> или <strong>067-480-03-92</strong> с <strong>10.00 до 17.00</strong> в рабочие дни (кроме праздников, Сб и Вс)</span><span><br /><br />Минимальный заказ - на сумму 200 грн. Стоимость доставки и тара входит в цену заказанной продукции. </span></p><p><span>При заказе на сумму, меньшую чем 200 грн., доставка оплачивается отдельно, в зависимости от района города.<br /><br />Наши адреса:<br />=========&nbsp;<br />- ул.Пушкинская, 42 (вход с Успенской)<br />- ул.Б.Арнаутская, 7а (угол Канатного переулка)<br />- пл.Греческая, 1 (ТРЦ \"Греческий\")</span></p>','<p><strong>ДОСТАВЛЯЕМ БЫСТРО ВКУСНУЮ ЕДУ!</strong><br /><br /><span>Заказы принимаются по тел.: <strong>067-481-54-64</strong> или <strong>067-480-03-92</strong> с <strong>10.00 до 17.00</strong> в рабочие дни (кроме праздников, Сб и Вс)</span><span><br /><br />Минимальный заказ - на сумму 200 грн. Стоимость доставки и тара входит в цену заказанной продукции. </span></p><p><span>При заказе на сумму, меньшую чем 200 грн., доставка оплачивается отдельно, в зависимости от района города.<br /><br />Наши адреса:<br />=========&nbsp;<br />- ул.Пушкинская, 42 (вход с Успенской)<br />- ул.Б.Арнаутская, 7а (угол Канатного переулка)<br />- пл.Греческая, 1 (ТРЦ \"Греческий\")</span></p>','1','2016-05-27 00:00:00'),
('5','Скоро! Во всех магазинах ПЕКАРСКИЙ ДВОР :-)  Натуральное йогуртовое мороженое с ягодами и фруктами :-) ','skoro-vo-vseh-magazinah-pekarskij-dvor---naturalnoe-jogurtovoe-morozhenoe-s-yagodami-i-fruktami---','Скоро! Во всех магазинах ПЕКАРСКИЙ ДВОР :-)  Натуральное йогуртовое мороженое с ягодами и фруктами :-) ','Скоро! Во всех магазинах ПЕКАРСКИЙ ДВОР :-)  Натуральное йогуртовое мороженое с ягодами и фруктами :-) ','Скоро! Во всех магазинах ПЕКАРСКИЙ ДВОР ','<h1><span>Скоро! Во всех магазинах ПЕКАРСКИЙ ДВОР ','<h1><span>Скоро! Во всех магазинах ПЕКАРСКИЙ ДВОР ','1','2016-06-04 00:00:00'),
('6','Фуршетное меню находится в разработке!','furshetnoe-menyu-nahoditsya-v-razrabotke','Фуршетное меню находится в разработке!','Фуршетное меню находится в разработке!','Фуршетное меню находится в разработке и соро будет активировано. Следите за нашими новостями.','<p>Фуршетное меню находится в разработке и соро будет активировано. Следите за нашими новостями.</p>','<p><span>Фуршетное меню находится в разработке и соро будет активировано. Следите за нашими новостями.</span></p>','0','2016-09-18 00:00:00');

/* Data for table s_brands */
TRUNCATE TABLE `s_brands`;

/* Data for table s_categories */
TRUNCATE TABLE `s_categories`;
INSERT INTO `s_categories` (`id`, `parent_id`, `name`, `meta_title`, `meta_keywords`, `meta_description`, `description`, `url`, `image`, `position`, `visible`, `external_id`) VALUES
('10','0','СЛАДОСТИ','СЛАДОСТИ','СЛАДОСТИ','','','sladosti','','11','1',''),
('11','0','ПЕЛЬМЕНИ-ВАРЕНИКИ','ПЕЛЬМЕНИ-ВАРЕНИКИ','ПЕЛЬМЕНИ, ВАРЕНИКИ','','','pelmeni-vareniki','','7','1',''),
('9','0','ПИЦЦА','ПИЦЦА','ПИЦЦА','','','pitstsa','','10','1',''),
('8','0','СЭНВИЧИ','СЭНВИЧИ','СЭНВИЧ, ПАНИНИ','','','senvichi','','9','1',''),
('7','0','ПИРОГИ','ПИРОГИ','ПИРОГИ','','','pirogi','','8','1',''),
('6','0','СЛОЙКА, ШТРУДЕЛИ','СЛОЙКА, ШТРУДЕЛИ','ВЫПЕЧКА, СЛОЙКА, ШТРУДЕЛЬ','','','slojka-shtrudeli','','6','1',''),
('12','0','МЯСНОЕ','МЯСНОЕ','МЯСНОЕ','','','myasnoe','','12','1',''),
('13','0','НАПИТКИ','НАПИТКИ','НАПИТКИ','','','napitki','','13','1',''),
('14','0','ФУРШЕТНОЕ МЕНЮ','ФУРШЕТНОЕ МЕНЮ','ФУРШЕТНОЕ МЕНЮ','','','furshetnoe-menyu','','14','0','');

/* Data for table s_categories_features */
TRUNCATE TABLE `s_categories_features`;
INSERT INTO `s_categories_features` (`category_id`, `feature_id`) VALUES
('6','149'),
('7','149'),
('8','150'),
('9','149'),
('10','149'),
('11','149'),
('12','149'),
('13','149'),
('14','151');

/* Data for table s_comments */
TRUNCATE TABLE `s_comments`;

/* Data for table s_coupons */
TRUNCATE TABLE `s_coupons`;

/* Data for table s_currencies */
TRUNCATE TABLE `s_currencies`;
INSERT INTO `s_currencies` (`id`, `name`, `sign`, `code`, `rate_from`, `rate_to`, `cents`, `position`, `enabled`) VALUES
('2','грн','грн','UAH','3.75','3.75','2','2','1');

/* Data for table s_delivery */
TRUNCATE TABLE `s_delivery`;
INSERT INTO `s_delivery` (`id`, `name`, `description`, `free_from`, `price`, `enabled`, `position`, `separate_payment`) VALUES
('1','Курьерская доставка по Одессе','<p><span>Курьерская доставка осуществляется в этот же день после оформления заказа в течение 60-90 минут. Курьерская доставка осуществляется в пределах Одессы ежедневно с 11.00 до 18.00</span></p><p><span><br /></span></p><p><span>Заказ на сумму свыше 200 гривень доставляется бесплатно.&nbsp;<br /><br />Стоимость бесплатной доставки раcсчитывается от суммы заказа с учтенной скидкой. В случае, если сумма заказа после применения скидки менее 200 гривень, осуществляется платная доставка.&nbsp;<br /><br />При сумме заказа менее 200 гривень, стоимость доставки составляет от 80 гривень.</span></p><p><span><br /></span></p>','200.00','80.00','1','2','1'),
('2','Самовывоз','<p>Удобный, бесплатный и быстрый способ получения заказа.</p><p></p><p>Адрес магазина: кафетерий \"ПЕКАРСКИЙ ДВОР\", г.Одесса, ул.Пушкинская, 42 (вход с ул.Успенской)</p>','0.00','0.00','1','3',null);

/* Data for table s_delivery_payment */
TRUNCATE TABLE `s_delivery_payment`;
INSERT INTO `s_delivery_payment` (`delivery_id`, `payment_method_id`) VALUES
('1','6'),
('1','13'),
('1','14'),
('2','6'),
('2','13'),
('2','14'),
('3','1');

/* Data for table s_features */
TRUNCATE TABLE `s_features`;
INSERT INTO `s_features` (`id`, `name`, `position`, `in_filter`) VALUES
('149','Вес, г','149',null),
('150','Вес товара','150',null),
('151','Масса','151',null);

/* Data for table s_feedbacks */
TRUNCATE TABLE `s_feedbacks`;
INSERT INTO `s_feedbacks` (`id`, `date`, `ip`, `name`, `email`, `message`) VALUES
('1','2015-12-09 15:22:20','130.0.46.243','Иванна','bidun87@gmail.com','добрый день!\r\nпишу Вам предложение по рекламе в лифтах г.Одесса\r\nпредлагаю разместить свою рекламу на наших плоскостях \r\nформат А1- в лифтах в рамке под стеклом\r\nпо Таирово (Киевский район) -630 лифтов/щитов\r\nпо пос.Котовского(Суворовский район) -500лифтов/щитов\r\nследующий выпуск с \r\n                 \r\n                    13/01/2016-13/02/2016 (январь/февраль)\r\n                     13/02/2016-13/03/2016(февраль/март)\r\n                        13/03/2016-13/04/2016(март/апрель)\r\n\r\nреклама выходит каждый месяц -13 числа\r\nмакет нужен на  8января, 8февраля\r\nминимальный заказ лифтов по (Киевскому району -300шт, по Суворовскому -250шт)\r\n\r\nА6формат-10грн/лифт -размеры ( 7,5см*21см)\r\nА5формат -18 грн/лифт -размеры (14,5см*21см)\r\nА4формат-27грн/лифт -размеры (29,7см*21см)\r\nА3формат-48грн/лифт -размеры (29,7см*42см)\r\n\r\nпо Киевскому району А4формат-17010грн-максимум лифтов, 8100грн -минимум\r\nпо Суворовскому району А4формат-13500грн-максимум лифтов, 6750грн-минимум\r\n \r\nСкидка на А5формат -20% при подписании договора на 3 месяца\r\nСкидка на А4формат -30%​ при подписании договора на 3 месяца\r\n\r\nпо Приморскому району -А4формат-6000грн-180лифтов/щитов\r\nпо Малиновскому району - А4формат-5000грн-150лифтов/щитов\r\n\r\n\r\nпредоставляем 100фотоотчет и адресную программу \r\n\r\n\r\nмакет тиф, или корл.\r\n\r\nИванна \r\n050-536-90-36\r\n096-62-63-661​\r\n'),
('2','2016-03-31 15:01:04','46.119.66.169','Роман','r-lion71@inbox.ru','Сообщение?'),
('3','2016-09-06 18:04:42','195.38.17.239','Екатерина','katerina.shveda@gmail.com','Добрый день. Спасибо большое за ваше письмо. Меня интересуют контакты отдела маркетинга или пиара, который непосредственно отвечает за продвижение вашего бренда в социальных сетях и поиск новых каналов для рекламы.\r\n\r\nС ув. Шведа Екатерина'),
('4','2016-09-24 12:51:44','188.163.71.166','Дизайн и Печать ','manager@dp24.com.ua','Самых низких цен на полиграфию\r\n\r\nЦены на полиграфию - ниже некуда !!!\r\n\r\nСоздание сайтов . Офсетная печать\r\nПластиковые карты . Широкоформатная печать\r\n\r\nwww.dp24.com.ua'),
('5','2016-10-05 12:58:56','46.17.241.4','Владимир','sidorowskiy1@yandex.ru','Доброго Вам времени суток! Предлагаю для Вашего предприятия МЁД из лесного разнотравья сбора 2016 года. Пасека находится в экологически чистом месте, в лесу на границе Красноокнянского и Котовского районов Одесской области. Идеальное место для медосбора. В наличии мёд жидкой и густой консистенции. Цена за одну трёхлитровую банку 250 грн. Доставка по городу Одесса БЕСПЛАТНО. Качество товара и сервис обслуживания гарантирую. Могу предоставить образец для пробы.\r\n\r\n Интересные видео с нашей пасеки Вы найдёте перейдя по ссылке:\r\n\r\n http:/www.youtube.com/channel/UC5bjV2sm7RIB2BlZspFiaNg?feature=guide\r\n\r\n Связь онлайн 25 часов в сутки по телефонам:\r\n\r\n097-2-111-716\r\n095-517-00-82\r\nskype - wladimir003\r\n\r\nС ув. Владимир!'),
('6','2016-11-14 18:20:55','85.238.109.37','Ирина','spacial_for@bk.ru','Типография ПАИР приглашает к сотрудничеству и предлагает полный спектр полиграфических услуг. От ручки с вашим логотипом до огромного баннера (витки, каталоги, флаера, новогодние открытки и многое другое). \r\nБолее подробно обращайтесь. \r\nС уважением Дегтярь Ирина,\r\nМенеджер по продажам рекламы\r\nЦентр полиграфии и рекламы \"П.А.И.Р\"\r\nул. Новосельского, 75\r\n(093) 662-16-65\r\n(048) 743-12-46'),
('7','2017-02-13 15:26:20','213.231.4.210','Виктория','vitysik.n@mail.ru','ссылка на мое резюме  https://www.work.ua/jobseeker/my/resumes/view/?id=3859568');

/* Data for table s_groups */
TRUNCATE TABLE `s_groups`;
INSERT INTO `s_groups` (`id`, `name`, `discount`) VALUES
('1','Постоянный покупатель','2.00');

/* Data for table s_images */
TRUNCATE TABLE `s_images`;
INSERT INTO `s_images` (`id`, `name`, `product_id`, `filename`, `position`) VALUES
('268','','98','bezymyannyj_7.jpg','0'),
('270','','99','bezymyannyj_8.jpg','0'),
('272','','100','bezymyannyj_9.jpg','0'),
('274','','101','bezymyannyj_10.jpg','0'),
('276','','102','bezymyannyj_11.jpg','0'),
('279','','103','bezymyannyj_12.jpg','279'),
('281','','104','bezymyannyj_13.jpg','281'),
('283','','105','supreme_pizza.jpg','0'),
('317','','106','121.jpg','0'),
('287','','107','bezymyannyj_15.jpg','0'),
('288','','108','bezymyannyj_15.jpg','0'),
('290','','109','bezymyannyj_16.jpg','290'),
('292','','110','bezymyannyj_17.jpg','292'),
('295','','111','bezymyannyj_18.jpg','295'),
('297','','113','bezymyannyj_19.jpg','297'),
('299','','114','bezymyannyj_20.jpg','0'),
('301','','115','bezymyannyj_21.jpg','0'),
('303','','116','bezymyannyj_22.jpg','0'),
('305','','117','bezymyannyj_23.jpg','0'),
('307','','118','bezymyannyj_24.jpg','0'),
('309','','119','bezymyannyj_25.jpg','0'),
('312','','120','bezymyannyj_26.jpg','0'),
('258','','93','bezymyannyj_2.jpg','0'),
('260','','94','bezymyannyj_3.jpg','0'),
('262','','95','bezymyannyj_4.jpg','0'),
('264','','96','bezymyannyj_5.jpg','0'),
('266','','97','bezymyannyj_6.jpg','0'),
('218','','70','pirog_1.jpg','0'),
('202','','61','pirozhok.jpg','0'),
('325','','124','bezymyannyj_28.550x550.jpg','0'),
('323','','123','111_2.jpg','0'),
('204','','62','pirozhok_2.jpg','0'),
('319','','121','111.jpg','319'),
('321','','122','111_1.jpg','321'),
('198','','58','232323233_3.jpg','0'),
('215','','69','shtrudel.jpg','0'),
('254','','91','bezymyannyj.jpg','0'),
('197','','57','232323233_2.jpg','0'),
('250','','89','pirog_14.jpg','250'),
('314','','55','bezymyannyj_28.jpg','0'),
('313','','56','bezymyannyj_27.jpg','0'),
('252','','90','pirog_15.jpg','0'),
('216','','66','pirog.jpg','0'),
('221','','72','pirog_2.jpg','0'),
('256','','92','bezymyannyj_1.jpg','0'),
('315','','46','bezymyannyj_29.jpg','0'),
('316','','53','bezymyannyj_30.jpg','0'),
('194','','54','ce790d06a322e94c6ffd96b8179e027c.jpg','0'),
('246','','87','pirog_12.jpg','0'),
('248','','88','pirog_13.jpg','0'),
('242','','85','pirog_10.jpg','242'),
('244','','86','pirog_11.jpg','244'),
('205','','63','pirozhok_1.jpg','0'),
('238','','83','pirog_8.jpg','0'),
('240','','84','pirog_9.jpg','0'),
('228','','77','pirog_4.jpg','0'),
('212','','67','pirozhok_3.jpg','0'),
('209','','65','pirozhok_4.jpg','0'),
('223','','73','pirog_3.jpg','0'),
('234','','81','pirog_6.jpg','0'),
('253','','79','hachapuri2.jpg','0'),
('236','','82','pirog_7.jpg','0'),
('327','','125','gi1_ihst5nk.jpg','0'),
('335','','128','cranberry-juice.jpg','0'),
('333','','127','559030_182502.jpg','333'),
('338','','144','mini-kruasan-shokoladka.jpg','338'),
('331','','126','43fceb991d.jpg','0'),
('337','','145','konvert-nezhnost.jpg','337'),
('339','','143','plyushka-imbirnoe-yabloko.jpg','339'),
('340','','142','ruslka-maslyanaya.jpg','340'),
('341','','141','plyushka-syrnyk.jpg','341'),
('342','','140','slojka-sochnaya-vishnya.jpg','342'),
('343','','139','slojka-legkaya-myasnaya.jpg','343'),
('344','','138','sytnaya-myasnaya.jpg','344'),
('345','','137','slojka-griby-v-syre.jpg','345'),
('346','','136','ugolok-super-myasnoj.jpg','346'),
('347','','135','slojka-kuritsa-s-gribochkami.jpg','347'),
('348','','134','slojka-margarita.jpg','348'),
('349','','133','plyushka-tri-syra.jpg','349'),
('350','','132','rogalik-kapustnyj.jpg','350'),
('351','','131','slojka-syrnyj-shpinat.jpg','351'),
('352','','130','ugolok-tvorozhnyj.jpg','352'),
('353','','129','slojka-pikantnaya.jpg','353'),
('356','','146','547bbbfc45195.jpg','356'),
('357','','147','547bbbfc45195_1.jpg','0'),
('359','','148','1419425670_2.jpg','359'),
('365','','150','good_1642_1.jpg','0'),
('363','','149','2016-11-09-tort-pyanaya-vishnya-1.jpg','0'),
('367','','151','10.png','367'),
('368','','152','5.png','368'),
('369','','153','1.png','369'),
('370','','154','6.png','0'),
('371','','155','7.png','371'),
('372','','156','9.png','372'),
('373','','157','8.png','373'),
('374','','158','2.png','374'),
('375','','159','3.png','375'),
('376','','160','4.png','376');

/* Data for table s_labels */
TRUNCATE TABLE `s_labels`;
INSERT INTO `s_labels` (`id`, `name`, `color`, `position`) VALUES
('4','перезвонить','ff00ff','4'),
('5','ожидается товар','00d5fa','5');

/* Data for table s_menu */
TRUNCATE TABLE `s_menu`;
INSERT INTO `s_menu` (`id`, `name`, `position`) VALUES
('1','Основное меню','1'),
('2','Другие страницы','2');

/* Data for table s_options */
TRUNCATE TABLE `s_options`;
INSERT INTO `s_options` (`product_id`, `feature_id`, `value`) VALUES
('91','149','220г'),
('83','149','100г'),
('84','149','100г'),
('46','149','110'),
('85','149','280г'),
('86','149','280г'),
('87','149','180г'),
('88','149','100г'),
('89','149','100г'),
('90','149','100г'),
('53','149','110'),
('121','149','240г'),
('54','150','175г'),
('55','150','175г'),
('56','150','175г'),
('57','150','300г'),
('58','150','300г'),
('61','149','250г'),
('62','149','230г'),
('63','149','250г'),
('65','149','100г'),
('66','149','190г'),
('67','149','280г'),
('69','149','200г'),
('70','149','50г'),
('73','149','100г'),
('72','149','50г'),
('77','149','170г'),
('79','149','170г'),
('81','149','160г'),
('82','149','90г'),
('92','149','220г'),
('93','149','220г'),
('94','149','220г'),
('95','149','220г'),
('96','149','220г'),
('101','149','100г'),
('100','149','100г'),
('99','149','150г'),
('102','149','1кг'),
('103','149','370г'),
('104','149','370г'),
('105','149','100г'),
('106','149','100г'),
('107','149','100г'),
('108','149','100г'),
('109','149','350г'),
('110','149','100г'),
('111','149','50г'),
('113','149','100г'),
('114','149','100г'),
('115','149','100г'),
('116','149','250г'),
('117','149','250г'),
('118','149','250г'),
('119','149','250г'),
('120','149','250г'),
('122','149','90г'),
('123','149','180г'),
('124','149','200г'),
('125','149','250г'),
('126','149','350г'),
('127','149','170г'),
('128','149','250г'),
('129','151','1 кг'),
('130','151','1 кг'),
('131','151','1 кг'),
('132','151','1 кг'),
('133','151','1 кг'),
('134','151','1 кг'),
('135','151','1 кг'),
('136','151','1 кг'),
('137','151','1 кг'),
('138','151','1 кг'),
('139','151','1 кг'),
('140','151','1 кг'),
('141','151','1 кг'),
('142','151','1 кг'),
('143','151','1 кг'),
('144','151','1 кг'),
('145','151','1 кг'),
('150','149','200г'),
('149','149','100г'),
('151','149','460'),
('152','149','340'),
('153','149','370'),
('154','149','340'),
('155','149','140'),
('156','149','180'),
('157','149','210'),
('158','149','110'),
('159','149','115'),
('160','149','115');

/* Data for table s_orders */
TRUNCATE TABLE `s_orders`;
INSERT INTO `s_orders` (`id`, `delivery_id`, `delivery_price`, `payment_method_id`, `paid`, `payment_date`, `closed`, `date`, `user_id`, `name`, `address`, `phone`, `email`, `comment`, `status`, `url`, `payment_details`, `ip`, `total_price`, `note`, `discount`, `coupon_discount`, `coupon_code`, `separate_delivery`, `modified`) VALUES
('7','1','0.00',null,'0','0000-00-00 00:00:00','0','2016-03-26 13:19:59','0','Привет ','','90388','','','3','4eb2685d8cf14577da194949bdbb6f67','','46.211.115.248','295.92','','0.00','0.00','','0','2016-03-31 15:23:47'),
('8','1','80.00',null,'0','0000-00-00 00:00:00','0','2016-03-28 17:26:42','0','Привет ','','90388','','','3','8dd864c6dd4c0e008cd90f4aabda1f0c','','46.211.0.83','44.98','','0.00','0.00','','1','2016-03-31 15:23:47'),
('9','2','0.00','6','0','0000-00-00 00:00:00','0','2016-03-31 14:40:39','0','Роман','','+380986879229','','','3','31bfb4818d7bcea07017e340b41d9a4b','','46.119.66.169','8.50','','0.00','0.00','','0','2016-03-31 15:23:47'),
('10','1','0.00',null,'0','0000-00-00 00:00:00','0','2016-03-31 15:10:19','0','Роман','','+380986879266','','','3','cf41b672da12b94e5536970629dee125','','46.119.66.169','14.99','','0.00','0.00','','1','2016-03-31 15:23:47'),
('11','1','0.00','14','0','0000-00-00 00:00:00','0','2016-03-31 15:10:24','0','Александр Завиженец','','+380678468732','','','3','3bbe6d38e50c2c24869354b443de6ecf','','91.234.25.150','16.99','','0.00','0.00','','1','2016-03-31 15:23:47'),
('12','1','0.00','14','0','0000-00-00 00:00:00','0','2016-05-30 13:16:11','0','ыы','','оопра','','','3','55f7afeaf7485467cc37f4697c108ead','','188.115.168.157','94.95','','0.00','0.00','','1','2016-06-03 23:38:44'),
('13','1','0.00','14','0','0000-00-00 00:00:00','1','2016-06-16 16:20:46','0','Теодор','','0503920036','','','1','68423f638332fd35c2e18a29a2b9d30a','','195.114.130.114','148.93','','0.00','0.00','','1','2016-06-16 19:42:07'),
('14','1','80.00','14','0','0000-00-00 00:00:00','0','2016-10-17 17:24:20','0','Татьяна','','067 508 29 95','','','0','47c02c5e4d755fdd2f200c2ac815bd2a','','46.37.205.10','152.44','','0.00','0.00','','1','2016-10-18 13:05:59'),
('15','1','0.00','14','0','0000-00-00 00:00:00','0','2016-11-22 13:12:05','0','Светлана','','+380509157331','','','0','5da8d4b640139733f2ee4abffc895193','','78.26.162.92','156.42','','0.00','0.00','','0','2016-11-22 13:37:04');

/* Data for table s_orders_labels */
TRUNCATE TABLE `s_orders_labels`;
INSERT INTO `s_orders_labels` (`order_id`, `label_id`) VALUES
('1','5'),
('2','4'),
('3','5'),
('14','5'),
('15','5');

/* Data for table s_pages */
TRUNCATE TABLE `s_pages`;
INSERT INTO `s_pages` (`id`, `url`, `name`, `meta_title`, `meta_description`, `meta_keywords`, `body`, `menu_id`, `position`, `visible`, `header`) VALUES
('1','','Главная','Хиты продаж','Сеть специализированных фирменных магазинов «Пекарский Двор» (зарегистрированная торговая марка «Пекарський Двір»©) была создана в 2008 году. \r\nКаждая торговая точка сети ТМ «Пекарский Двор» работает в формате    ПЕКАРНЯ- МАГАЗИН – КАФЕ  с предоставлением следующих видов услуг населению:\r\n\r\n•	Ежедневная выпечка и продажа хлебо-булочных изделий широкого ассортимента:\r\n                 --   штрудели, пироги и другие изделия из слоёного и слоёно-дрожжевого теста с овощными и другими начинками.','Хиты продаж','<p>Сеть специализированных фирменных магазинов &laquo;Пекарский Двор&raquo; (зарегистрированная торговая марка <strong>&laquo;Пекарський Двір&raquo;&copy;</strong>) была создана в 2008 году.</p><p><br />Каждая торговая точка сети ТМ &laquo;Пекарский Двор&raquo; работает в формате ПЕКАРНЯ - МАГАЗИН - КАФЕ с предоставлением следующих видов услуг населению:</p><p></p><p>&bull; <strong>Ежедневная выпечка и продажа хлебо-булочных изделий широкого ассортимента:</strong><br /> -- штрудели, пироги и другие изделия из слоёного и слоёно-дрожжевого теста с овощными, фруктовыми, сырными, мясными и другими начинками;<br /> -- кондитерские изделия: кексы, рулеты, мафины, пирожные, торты и др.</p><p></p><p>&bull; <strong>Деятельность кафе:</strong><br /> -- соки, воды, разнообразные напитки;<br /> -- натуральный кофе, заварные и пакетированные чаи (в ассортименте);<br /> -- молочные и фруктовые коктейли;<br /> -- мороженое в ассортименте;<br /> -- пельмени, вареники, блинчики, пицца;<br /> -- колбаски-гриль (до 6 видов).</p>','1','1','1','О магазине'),
('2','oplata','Оплата','Оплата','Оплата','Оплата','<h2><span>Наличными курьеру</span></h2><p>Вы можете оплатить заказ курьеру в гривнах непосредственно в момент доставки. Курьерская доставка осуществляется по Одессе <span>в этот же день после оформления заказа в течение 60-90 минут. Курьерская доставка осуществляется в пределах Одессы ежедневно с 10.00 до 18.00</span></p><p></p><h2><span style=\"font-size: 30px; line-height: 1.5em;\">Банковская карта</span></h2><p><span>Оплата банковской картой Visa или MasterCard через систему Приват24.</span></p><h2></h2><h2>Через терминал</h2><p><span>Оплатита наличными через многочисленные терминалы Приватбанка в любом городе Украины. Можно заплатить и с банковской карты через многие банкоматы. Для этого найдите в меню терминала или банкомата логотип Приват24 и укажите счёт LiqPAY.</span></p><p><span><br /></span></p><h2><span style=\"font-size: 30px; line-height: 1.5em;\">Webmoney</span></h2><p>После оформления заказа вы сможете перейти на сайт webmoney для оплаты заказа, где сможете оплатить заказ в автоматическом режиме, а так же проверить наш сертификат продавца.</p><h2><span style=\"font-size: 30px; line-height: 1.5em;\"><br /></span></h2><h2><span style=\"font-size: 30px; line-height: 1.5em;\">Оплата картой через Liqpay.com</span></h2><p><span>Благодаря своей открытости и универсальности, LiqPAY стремительно интегрируется со многими платежными системами и платформами и становится стандартом платежных операций.</span></p>','1','4','1','Способы оплаты'),
('3','dostavka','Доставка','Доставка','Доставка','Доставка','<h2>Курьерская доставка по&nbsp;ОДЕССЕ</h2><p><span>Курьерская доставка осуществляется в этот же день после оформления заказа в течение 60-90 минут. Курьерская доставка осуществляется в пределах Одессы ежедневно с 11:00 до 24:00</span></p><p><span><br /></span></p><p><span>Заказ на сумму свыше 200 гривень доставляется бесплатно.&nbsp;<br /><br />Стоимость бесплатной доставки раcсчитывается от суммы заказа с учтённой скидкой. В случае, если сумма заказа после применения скидки менее 200 гривень, осуществляется платная доставка.&nbsp;<br /><br />При сумме заказа менее 200 гривень, стоимость доставки составляет от 80 гривень (в зависимости от района города).</span></p><div><span><br /></span></div><h2>Самовывоз</h2><p>Удобный, бесплатный и быстрый способ получения заказа.</p><p></p><p>Адрес магазина: Кафетерий \"ПЕКАРСКИЙ ДВОР\", г.Одесса, ул.Пушкинская, 42 (вход с ул.Успенской).</p><p></p><h2><span style=\"font-size: 30px; line-height: 1.5em;\">Наложенным платежом</span></h2><p>При доставке заказа наложенным платежом с помощью<span style=\"margin-right: 0.44em;\">&nbsp;курьера,</span>вы&nbsp;сможете оплатить заказ непосредственно в&nbsp;момент получения товара.</p>','1','3','1','Способы доставки'),
('4','blog','Блог','Блог','','Блог','','1','2','1','Блог'),
('5','404','','Страница не найдена','Страница не найдена','Страница не найдена','<p>Страница не найдена</p>','2','5','1','Страница не найдена'),
('6','contact','Контакты','Контакты','Контакты','Контакты','<p>г.Одеccа, ул.Пушкинская, 42 (вход с ул.Успенской).</p><p></p><p style=\"color: #fe1000;\"><a href=\"https://www.google.com.ua/maps/place/Пекарский+Двор/@46.4752542,30.7390943,17z/data=!3m1!4b1!4m2!3m1!1s0x40c6319ce10f331d:0x15627f6e3b2949ec\" title=\"ПЕКАРСКИЙ ДВОР - всегда вкусно!\" target=\"_blank\">Посмотреть на&nbsp;картах Google</a></p><p></p><p>Телефоны: <span style=\"color: #ff0000;\"><strong>067-481-5464</strong>, &nbsp;<strong>067-480-0392</strong></span></p><p><span style=\"color: #ff0000;\"><strong><br /></strong></span></p>','1','6','1','Контакты'),
('7','products','Все товары','Все товары','','Все товары','','2','7','1','Все товары'),
('8','furshetnoe-menyu','ФУРШЕТНОЕ МЕНЮ','ФУРШЕТНОЕ МЕНЮ','Данная страница находится в разработке и скоро будет активирована! Следите за нашими новостями.','ФУРШЕТНОЕ МЕНЮ','<p>Данная страница находится в разработке и скоро будет активирована! Следите за нашими новостями.</p>','1','8','1','ФУРШЕТНОЕ МЕНЮ');

/* Data for table s_payment_methods */
TRUNCATE TABLE `s_payment_methods`;
INSERT INTO `s_payment_methods` (`id`, `module`, `name`, `description`, `currency_id`, `settings`, `enabled`, `position`) VALUES
('1','Receipt','Квитанция','<p>Вы можете распечатать квитанцию и оплатить её в любом отделении банка.</p>','2','a:10:{s:9:\"recipient\";s:65:\"ООО \"Великолепный интернет-магазин\"\";s:3:\"inn\";s:5:\"12345\";s:7:\"account\";s:6:\"223456\";s:4:\"bank\";s:18:\"Альфабанк\";s:3:\"bik\";s:6:\"556677\";s:21:\"correspondent_account\";s:11:\"77777755555\";s:8:\"banknote\";s:7:\"руб.\";s:5:\"pense\";s:7:\"коп.\";s:5:\"purse\";s:2:\"ru\";s:10:\"secret_key\";s:0:\"\";}','0','9'),
('2','Webmoney','Webmoney WMZ','<p></p><div><p>Оплата через платежную систему&nbsp;<a href=\"http://www.webmoney.ru\">WebMoney</a>. У вас должен быть счет в этой системе для того, чтобы произвести оплату. Сразу после оформления заказа вы будете перенаправлены на специальную страницу системы WebMoney, где сможете произвести платеж в титульных знаках WMZ.</p></div><p>&nbsp;</p>','3','a:2:{s:5:\"purse\";s:13:\"Z099984066960\";s:10:\"secret_key\";s:13:\"testsecretkey\";}','0','8'),
('14','null','Наличными','<p>Наличными при получении товара!</p>','2','N;','1','1'),
('3','Robokassa','Робокасса','<p><span>ROBOKASSA &ndash; сервис для организации приема платежей на сайте, интернет магазине и социальных сетях. Прием платежей осуществляется при минимальных комиссиях.</span></p>','3','a:4:{s:5:\"login\";s:0:\"\";s:9:\"password1\";s:0:\"\";s:9:\"password2\";s:0:\"\";s:8:\"language\";s:2:\"ru\";}','0','10'),
('4','Paypal','PayPal','<p>Совершайте покупки безопасно, без раскрытия информации о своей кредитной карте. PayPal защитит вас, если возникнут проблемы с покупкой.</p>','1','a:2:{s:8:\"business\";s:0:\"\";s:4:\"mode\";s:7:\"sandbox\";}','0','11'),
('5','Interkassa','Оплата через Интеркассу','<p><span>Это удобный в использовании сервис, подключение к которому позволит Интернет-магазинам, веб-сайтам и прочим торговым площадкам принимать все возможные формы оплаты в максимально короткие сроки.</span></p>','2','a:2:{s:18:\"interkassa_shop_id\";s:3:\"123\";s:21:\"interkassa_secret_key\";s:3:\"123\";}','0','12'),
('6','Liqpay','Оплата картой через Liqpay.com','<p><span>Благодаря своей открытости и универсальности LiqPAY стремительно интегрируется со многими платежными системами и платформами и становится стандартом платежных операций.</span></p>','2','a:2:{s:17:\"liqpay_public_key\";s:12:\"i65058299903\";s:18:\"liqpay_private_key\";s:40:\"EJtCii3f9Zuu6Tsp62PvnaLclTaci6un3ugED7vS\";}','1','2'),
('7','Pay2Pay','Оплата через Pay2Pay','<p>Универсальный платежный сервис Pay2Pay призван облегчить и максимально упростить процесс приема электронных платежей на Вашем сайте. Мы открыты для всего нового и сверхсовременного.</p>','2','a:5:{s:18:\"pay2pay_merchantid\";s:3:\"123\";s:14:\"pay2pay_secret\";s:3:\"123\";s:14:\"pay2pay_hidden\";s:3:\"123\";s:15:\"pay2pay_paymode\";s:3:\"123\";s:16:\"pay2pay_testmode\";s:1:\"1\";}','0','13'),
('8','Qiwi','Оплатить через QIWI','<p><span>QIWI &mdash; удобный сервис для оплаты повседневных услуг.</span></p>','2','a:2:{s:10:\"qiwi_login\";s:3:\"123\";s:13:\"qiwi_password\";s:3:\"123\";}','0','14'),
('9','YandexMoney','Яндекс.Деньги','<p><span>Яндекс</span><span>.</span><span>Деньги</span><span>&nbsp;&mdash; доступный и безопасный способ платить за товары и услуги через интернет.</span></p>','2','a:5:{s:13:\"yandex_shopid\";s:2:\"90\";s:11:\"yandex_scid\";s:5:\"50938\";s:15:\"yandex_password\";s:20:\"rVOs4ZDVkfkqgpRlyXqn\";s:18:\"yandex_paymenttype\";s:2:\"PC\";s:15:\"yandex_testmode\";s:1:\"1\";}','0','4'),
('10','YandexMoney','Банковская карта','<p><span>Оплата банковской картой Visa или MasterCard через систему Яндекс.Деньги.</span></p>','2','a:5:{s:13:\"yandex_shopid\";s:2:\"90\";s:11:\"yandex_scid\";s:5:\"50938\";s:15:\"yandex_password\";s:20:\"rVOs4ZDVkfkqgpRlyXqn\";s:18:\"yandex_paymenttype\";s:2:\"AC\";s:15:\"yandex_testmode\";s:1:\"1\";}','0','5'),
('11','YandexMoney','Через терминал','<p>Оплатита наличными через многочисленные терминалы в любом городе России. Можно заплатить и с банковской карты через многие банкоматы. Для этого найдите в меню терминала или банкомата логотип Яндекса и укажите код платежа.</p>','2','a:5:{s:13:\"yandex_shopid\";s:2:\"90\";s:11:\"yandex_scid\";s:5:\"50938\";s:15:\"yandex_password\";s:20:\"rVOs4ZDVkfkqgpRlyXqn\";s:18:\"yandex_paymenttype\";s:2:\"GP\";s:15:\"yandex_testmode\";s:1:\"1\";}','0','6'),
('12','YandexMoney','Со счета мобильного телефона','<p><span>Оплата со&nbsp;счета мобильного телефона&nbsp;через систему Яндекс.Деньги</span></p>','2','a:5:{s:13:\"yandex_shopid\";s:2:\"90\";s:11:\"yandex_scid\";s:5:\"50938\";s:15:\"yandex_password\";s:20:\"rVOs4ZDVkfkqgpRlyXqn\";s:18:\"yandex_paymenttype\";s:2:\"MC\";s:15:\"yandex_testmode\";s:1:\"1\";}','0','7'),
('13','Webmoney','Webmoney WMU','<p><span style=\"font-size: 14px; line-height: 1.5em;\">Оплата через платежную систему. У вас должен быть счет в этой системе для того, чтобы произвести оплату. Сразу после оформления заказа вы будете перенаправлены на специальную страницу системы WebMoney, где сможете произвести платеж в титульных знаках WMU.</span></p><p>&nbsp;</p>','2','a:2:{s:5:\"purse\";s:13:\"U132286421386\";s:10:\"secret_key\";s:28:\"Game-contest PLAY4RATING.COM\";}','1','3');

/* Data for table s_products */
TRUNCATE TABLE `s_products`;
INSERT INTO `s_products` (`id`, `url`, `brand_id`, `name`, `annotation`, `body`, `visible`, `position`, `meta_title`, `meta_keywords`, `meta_description`, `created`, `featured`, `external_id`) VALUES
('122','kofe-latte-100-arabika','0','КОФЕ ЛАТТЕ 100% арабика','<p>Натуральный насыщенный кофе со взбитым молоком, смесь нескольких сортов 100% арабики тёмной обжарки. Вкус напитка яркий, плотный, с едва уловимой кислинкой</p>','<p>Натуральный насыщенный кофе со взбитым молоком, смесь нескольких сортов 100% арабики тёмной обжарки. Вкус напитка яркий, плотный, с едва уловимой кислинкой</p>','1','106','КОФЕ ЛАТТЕ 100% арабика','КОФЕ ЛАТТЕ 100% арабика, НАПИТКИ','Натуральный насыщенный кофе со взбитым молоком, смесь нескольких сортов 100% арабики тёмной обжарки. Вкус напитка яркий, плотный, с едва уловимой кислинкой\r\n',null,'1',''),
('123','kosa-s-abrikosom-180g','0','КОСА с абрикосом  180г','<p>Вкус детства &ndash; слоёно-дрожжевое тесто со сладкой абрикосовой начинкой...</p>','<p>Вкус детства &ndash; слоёно-дрожжевое тесто со сладкой абрикосовой начинкой...</p>','1','108','КОСА с абрикосом  180г','КОСА с маковой начинкой, ВЫПЕЧКА, ШТРУДЕЛИ','Вкус детства – слоёно-дрожжевое тесто со сладкой абрикосовой начинкой...',null,'1',''),
('124','pita-s-kuritsej-i-korejskoj-morkovkoj-200g','0','ПИТА с КУРИЦЕЙ и КОРЕЙСКОЙ МОРКОВКОЙ  200г','<p>Нежная курочка с корейской морковкой</p>','<p>Нежная курочка с корейской морковкой</p>','1','111','ПИТА с КУРИЦЕЙ и КОРЕЙСКОЙ МОРКОВКОЙ  200г','ПИТА с КУРИЦЕЙ и КОРЕЙСКОЙ МОРКОВКОЙ  200г, СЛОЙКА,ШТРУДЕЛИ','Нежная курочка с корейской морковкой',null,'1',''),
('117','smuzi-fruktovyj','0','СМУЗИ фруктовый','<p>Густая, насыщенная смесь из черной смородины, вишни, яблока, клубники и сливы</p>','<p>Густая, насыщенная смесь из черной смородины, вишни, яблока, клубники и сливы</p>','1','99','СМУЗИ фруктовый','СМУЗИ фруктовый, НАПИТКИ','Густая, насыщенная смесь из черной смородины, вишни, яблока, клубники и сливы',null,'1',''),
('118','kompot-yagodnyj','0','КОМПОТ ягодный','<p>Освежающий, по домашнему рецепту с сезонными ягодами&nbsp;</p>','<p>Освежающий, по домашнему рецепту с сезонными ягодами&nbsp;</p>','1','102','КОМПОТ ягодный','КОМПОТ ягодный, НАПИТКИ','Освежающий, по домашнему рецепту с сезонными ягодами ',null,'1',''),
('119','limonad','0','ЛИМОНАД','<p>Летний, освежающий, с имбирём, мятой и цитрусовыми</p>','<p>Летний, освежающий, с имбирём, мятой и цитрусовыми</p>','0','100','ЛИМОНАД','ЛИМОНАД, НАПИТКИ','Летний, освежающий, с имбирём, мятой и цитрусовыми',null,'1',''),
('120','uzvar-iz-suhofruktov','0','УЗВАР из сухофруктов','<p>Полный витаминов. Классический украинский деревенский рецепт</p>','<p>Полный витаминов. Классический украинский деревенский рецепт</p>','1','103','УЗВАР из сухофруктов','УЗВАР из сухофруктов, НАПИТКИ','Полный витаминов. Классический украинский деревенский рецепт',null,'1',''),
('121','pryanik-imbirnyj-elochka','0','ПРЯНИК имбирный ЁЛОЧКА','<p>Пряник имбирный, ароматный, удивительно приятный! :-)&nbsp;</p>','<p>Пряник имбирный, ароматный, удивительно приятный! :-)&nbsp;</p>','0','109','ПРЯНИК имбирный ЁЛОЧКА','ПРЯНИК имбирный ЁЛОЧКА, СЛАДОСТИ','Пряник имбирный, ароматный, удивительно приятный! :-) ',null,'1',''),
('114','kofe-naturalnyj-100-arabika-molotyj','0','КОФЕ НАТУРАЛЬНЫЙ 100% арабика МОЛОТЫЙ','<p>Натуральный насыщенный кофе, смесь нескольких сортов 100% арабики тёмной обжарки</p>','<p>Натуральный насыщенный кофе, смесь нескольких сортов 100% арабики тёмной обжарки</p>','1','96','КОФЕ НАТУРАЛЬНЫЙ 100% арабика МОЛОТЫЙ','КОФЕ НАТУРАЛЬНЫЙ 100% арабика МОЛОТЫЙ, НАПИТКИ','Натуральный насыщенный кофе, смесь нескольких сортов 100% арабики тёмной обжарки',null,'1',''),
('115','desert-belyj-parus-100g','0','ДЕСЕРТ \"БЕЛЫЙ ПАРУС\"  100г','<p>Песочное сладкое тесто + хрустящее безе с орехами внутри</p>','<p>Песочное сладкое тесто + хрустящее безе с орехами внутри</p>','1','97','ДЕСЕРТ \"БЕЛЫЙ ПАРУС\"  100г','ДЕСЕРТ \"БЕЛЫЙ ПАРУС\"  100г, СЛАДОСТИ','Песочное сладкое тесто + хрустящее безе с орехами внутри',null,'1',''),
('116','koktejl-molochnyj','0','КОКТЕЙЛЬ МОЛОЧНЫЙ','<p>Воздушный, сладкий, можно и с сиропом :-)&nbsp;</p>','<p>Воздушный, сладкий, можно и с сиропом :-)&nbsp;</p>','1','98','КОКТЕЙЛЬ МОЛОЧНЫЙ','КОКТЕЙЛЬ МОЛОЧНЫЙ, НАПИТКИ','Воздушный, сладкий, можно и с сиропом :-) ',null,'1',''),
('111','kofe-naturalnyj-100-arabika','0','КОФЕ НАТУРАЛЬНЫЙ 100% арабика','<p>Натуральный насыщенный кофе, смесь нескольких сортов 100% арабики тёмной обжарки. Вкус напитка яркий, плотный, с едва уловимой кислинкой</p>','<p>Натуральный насыщенный кофе, смесь нескольких сортов 100% арабики тёмной обжарки. Вкус напитка яркий, плотный, с едва уловимой кислинкой</p>','1','95','КОФЕ НАТУРАЛЬНЫЙ 100% арабика','КОФЕ НАТУРАЛЬНЫЙ 100% арабика, НАПИТКИ','Натуральный насыщенный кофе, смесь нескольких сортов 100% арабики тёмной обжарки. Вкус напитка яркий, плотный, с едва уловимой кислинкой\r\n',null,'1',''),
('113','kofe-naturalnyj-100-arabika-vesovoj','0','КОФЕ НАТУРАЛЬНЫЙ 100% арабика весовой','<p>Натуральный насыщенный кофе, смесь нескольких сортов 100% арабики тёмной обжарки. Вкус напитка яркий, плотный, с едва уловимой кислинкой</p>','<p>Натуральный насыщенный кофе, смесь нескольких сортов 100% арабики тёмной обжарки. Вкус напитка яркий, плотный, с едва уловимой кислинкой</p>','1','94','КОФЕ НАТУРАЛЬНЫЙ 100% арабика весовой','КОФЕ НАТУРАЛЬНЫЙ 100% арабика весовой, НАПИТКИ','Натуральный насыщенный кофе, смесь нескольких сортов 100% арабики тёмной обжарки. Вкус напитка яркий, плотный, с едва уловимой кислинкой\r\n',null,'1',''),
('109','chaj-zavarnoj-v-assortimente','0','ЧАЙ ЗАВАРНОЙ в ассортименте','<p>Крепкий заварной чай, широчайший ассортимент вкусов, ароматов и впечатлений!</p>','<p>Крепкий заварной чай, широчайший ассортимент вкусов, ароматов и впечатлений!</p>','1','91','ЧАЙ ЗАВАРНОЙ в ассортименте','ЧАЙ ЗАВАРНОЙ в ассортименте, НАПИТКИ','Крепкий заварной чай, широчайший ассортимент вкусов, ароматов и впечатлений!',null,'1',''),
('110','chaj-rossypnoj-v-assortimente','0','ЧАЙ РОССЫПНОЙ в ассортименте','<p>Россыпной чай. Широчайший ассортимент вкусов, ароматов и впечатлений!</p>','<p>Россыпной чай. Широчайший ассортимент вкусов, ароматов и впечатлений!</p>','1','92','ЧАЙ РОССЫПНОЙ в ассортименте','ЧАЙ РОССЫПНОЙ в ассортименте, НАПИТКИ','Россыпной чай. Широчайший ассортимент вкусов, ароматов и впечатлений!',null,'1',''),
('105','pitstsa-myasnaya-sektor-tsena-za-100g','0','ПИЦЦА мясная, сектор (цена за 100г)','<p>Беллиссимо! Тонкий корж, итальянский рецепт, ветчина, грибы, соус, сыр моцарелла</p>','<p>Беллиссимо! Тонкий корж, итальянский рецепт, ветчина, грибы, соус, сыр моцарелла</p>','1','122','ПИЦЦА мясная, сектор (цена за 100г)','ПИЦЦА мясная, сектор (цена за 100г), ПИЦЦА','Беллиссимо! Тонкий корж, итальянский рецепт, ветчина, грибы, соус, сыр моцарелла',null,'1',''),
('106','pitstsa-byanka-sektor-tsena-za-100g','0','ПИЦЦА БЬЯНКА, сектор (цена за 100г)','<p>Брависсимо! Тонкий корж, итальянский рецепт, мясное ассорти, грибы, молочный соус бешамель, сыр моцарелла</p>','<p>Брависсимо! Тонкий корж, итальянский рецепт, мясное ассорти, грибы, молочный соус бешамель, сыр моцарелла</p>','1','120','ПИЦЦА БЬЯНКА, сектор (цена за 100г)','ПИЦЦА БЬЯНКА, сектор (цена за 100г), ПИЦЦА','Брависсимо! Тонкий корж, итальянский рецепт, мясное ассорти, грибы, молочный соус бешамель, сыр моцарелла',null,'1',''),
('107','berliner-s-dzhemom-100g','0','БЕРЛИНЕР с джемом  100г','<p>Мягкий, пышный пончик с яблочным джемом, но без дырки!</p>','<p>Мягкий, пышный пончик с яблочным джемом, но без дырки!</p>','1','89','БЕРЛИНЕР с джемом  100г','БЕРЛИНЕР с джемом  100г, СЛАДОСТИ','Мягкий, пышный пончик с яблочным джемом, но без дырки!',null,'1',''),
('108','berliner-s-iriskoj-100g','0','БЕРЛИНЕР с ириской  100г','<p>Мягкий, пышный пончик со сгущёным молоком, но без дырки!</p>','<p>Мягкий, пышный пончик со сгущёным молоком, но без дырки!</p>','1','90','БЕРЛИНЕР с ириской  100г','БЕРЛИНЕР с ириской  100г, СЛАДОСТИ','Мягкий, пышный пончик со сгущёным молоком, но без дырки!',null,'1',''),
('102','testo-sloenoesloeno-drozhzhevoe-zamorozh-1kg','0','ТЕСТО слоёное/слоёно-дрожжевое заморож.  1кг','<p>100% натуральное. Сами делаем, гордимся и советуем.</p>','<p>100% натуральное. Сами делаем, гордимся и советуем.</p>','1','88','ТЕСТО слоёное/слоёно-дрожжевое заморож.  1кг','ТЕСТО слоёное/слоёно-дрожжевое заморож., ВЫПЕЧКА, ШТРУДЕЛИ','100% натуральное. Сами делаем, гордимся и советуем.',null,'1',''),
('103','pitstsa-myasnaya-d25sm','0','ПИЦЦА мясная д=25см','<p>Сытная пицца на толстом корже с ветчиной, соусом, овощами</p>','<p>Сытная пицца на толстом корже с ветчиной, соусом, овощами</p>','1','114','ПИЦЦА мясная д=25см','ПИЦЦА мясная д=25см, ПИЦЦА','Сытная пицца на толстом корже с ветчиной, соусом, овощами',null,'1',''),
('104','pitstsa-kurinaya-d25sm','0','ПИЦЦА куриная д=25см','<p>Сытная пицца на толстом корже с курицей, соусом, овощами</p>','<p>Сытная пицца на толстом корже с курицей, соусом, овощами</p>','1','116','ПИЦЦА куриная д=25см','ПИЦЦА куриная д=25см, ПИЦЦА','Сытная пицца на толстом корже с курицей, соусом, овощами',null,'1',''),
('98','blinchiki-s-myasom-i-gribami','0','БЛИНЧИКИ  с мясом и грибами, порция','<p>Настоящая классика украинской кухни</p>','<p>Настоящая классика украинской кухни</p>','0','85','БЛИНЧИКИ  с мясом и грибами','БЛИНЧИКИ  с мясом и грибами, МЯСНОЕ','Настоящая классика украинской кухни',null,'1',''),
('99','blinchiki-s-tvorogom-i-izyumom-portsiya','0','БЛИНЧИКИ  с творогом и изюмом, порция','<p>Что тут сказать? Тут пробовать надо!</p>','<p>Что тут сказать? Тут пробовать надо!</p>','0','86','БЛИНЧИКИ  с творогом и изюмом, порция','БЛИНЧИКИ  с творогом и изюмом, порция, ПЕЛЬМЕНИ, ВАРЕНИКИ','Что тут сказать? Тут пробовать надо!',null,'1',''),
('100','sosiski-myasnye-portsiya-120g','0','СОСИСКИ мясные, порция  120г','<p>Сытный мужской обед на дощечке с горчицей и кетчупом</p>','<p>Сытный мужской обед на дощечке с горчицей и кетчупом</p>','1','87','СОСИСКИ мясные, порция  120г','СОСИСКИ мясные, порция  120г, МЯСНОЕ','Сытный мужской обед на дощечке с горчицей и кетчупом',null,'1',''),
('101','kolbaski-zharenye-v-assortimente-tsena-za-100g','0','КОЛБАСКИ жареные в ассортименте, цена за 100г','<p>Сытный мужской обед на дощечке с горчицей и кетчупом</p>','<p>Сытный мужской обед на дощечке с горчицей и кетчупом</p>','1','112','КОЛБАСКИ жареные в ассортименте, цена за 100г','КОЛБАСКИ жареные в ассортименте, цена за 100г, МЯСНОЕ','Сытный мужской обед на дощечке с горчицей и кетчупом',null,'1',''),
('93','pelmeni-govyazhi','0','ПЕЛЬМЕНИ говяжьи, порция 220г','<p>Пельмени ручной лепки только из натуральных ингредиентов!</p>','<p>Пельмени ручной лепки только из натуральных ингридиентов!</p>','1','110','ПЕЛЬМЕНИ говяжьи','ПЕЛЬМЕНИ говяжьи, ПЕЛЬМЕНИ, ВАРЕНИКИ','Пельмени ручной лепки только из натуральных ингредиентов!',null,'1',''),
('94','vareniki-s-kapustoj','0','ВАРЕНИКИ  с капустой, порция 220г','<p>Вареники ручной лепки<strong> только из натуральных ингредиентов!</strong></p>','<p>Вареники ручной лепки <strong>только из натуральных ингридиентов!</strong></p>','1','82','ВАРЕНИКИ  с капустой','ВАРЕНИКИ  с капустой, ПЕЛЬМЕНИ, ВАРЕНИКИ','Вареники ручной лепки только из натуральных ингредиентов!',null,'1',''),
('95','vareniki-s-kartoshkoj','0','ВАРЕНИКИ  с картошкой, порция 220г','<p>Вареники ручной лепки<strong> только из натуральных ингредиентов!</strong></p>','<p>Вареники ручной лепки <strong>только из натуральных ингридиентов!</strong></p>','1','83','ВАРЕНИКИ  с картошкой','ВАРЕНИКИ  с картошкой, ПЕЛЬМЕНИ, ВАРЕНИКИ','Вареники ручной лепки только из натуральных ингредиентов!',null,'1',''),
('96','vareniki-s-kartoshkoj-i-gribami','0','ВАРЕНИКИ  с картошкой и грибами, порция 220г','<p>Вареники ручной лепки<strong> только из натуральных ингредиентов!</strong></p>','<p>Вареники ручной лепки <strong>только из натуральных ингридиентов!</strong></p>','1','119','ВАРЕНИКИ  с картошкой и грибами','ВАРЕНИКИ  с картошкой и грибами, ПЕЛЬМЕНИ, ВАРЕНИКИ','Вареники ручной лепки только из натуральных ингредиентов!',null,'1',''),
('97','blinchiki-s-myasom','0','БЛИНЧИКИ  с мясом, порция','<p>Горячие, вкусные и сытные!</p>','<p>Горячие, вкусные и сытные!</p>','0','84','БЛИНЧИКИ  с мясом','БЛИНЧИКИ  с мясом, МЯСНОЕ','Горячие, вкусные и сытные!',null,'1',''),
('89','pirozhnoe-s-bananovym-kremom','0','ПИРОЖНОЕ с банановым кремом','<p>Заварное пирожное с банановым кремом</p>','<p>Заварное пирожное с банановым кремом</p>','0','77','ПИРОЖНОЕ с банановым кремом','ПИРОЖНОЕ с банановым кремом, СЛАДОСТИ','Заварное пирожное с банановым кремом',null,'1',''),
('90','tort-napoleon-tsena-za-100g','0','Торт НАПОЛЕОН, цена за 100г','<p>Сочный, нежный, домашний</p>','<p>Сочный, нежный, домашний</p>','1','78','Торт НАПОЛЕОН, цена за 100г','Торт НАПОЛЕОН, цена за 100г, СЛАДОСТИ','Сочный, нежный, домашний',null,'1',''),
('91','pelmeni-kurinye','0','ПЕЛЬМЕНИ куриные, порция 220г','<p>Пельмени ручной лепки только из натуральных ингредиентов!</p>','<p>Пельмени ручной лепки только из натуральных ингридиентов!</p>','1','80','ПЕЛЬМЕНИ куриные','ПЕЛЬМЕНИ куриные, ПЕЛЬМЕНИ, ВАРЕНИКИ','Пельмени ручной лепки только из натуральных ингредиентов!','2015-11-29 15:56:03','1',''),
('92','pelmeni-svino-govyazhi','0','ПЕЛЬМЕНИ свино-говяжьи, порция 220г','<p>Пельмени ручной лепки только из натуральных ингредиентов!</p>','<p>Пельмени ручной лепки только из натуральных ингридиентов!</p>','1','121','ПЕЛЬМЕНИ свино-говяжьи','ПЕЛЬМЕНИ свино-говяжьи, ПЕЛЬМЕНИ, ВАРЕНИКИ','Пельмени ручной лепки только из натуральных ингредиентов!',null,'1',''),
('87','kosa-s-makovoj-nachinkoj-180g','0','КОСА с маковой начинкой  180г','<p>Вкус детства &ndash; слоёно-дрожжевое тесто со сладкой маковой начинкой...</p>','<p>Вкус детства &ndash; слоёно-дрожжевое тесто со сладкой маковой начинкой...</p>','1','107','КОСА с маковой начинкой  180г','КОСА с маковой начинкой, ВЫПЕЧКА, ШТРУДЕЛИ','Вкус детства – слоёно-дрожжевое тесто со сладкой маковой начинкой...',null,'1',''),
('88','pirozhnoe-s-zavarnym-kremom-tsena-za-100g','0','ПИРОЖНОЕ с заварным кремом, цена за 100г','<p>Запасайтесь салфетками &ndash; ну очень много крема! :-)&nbsp;</p>','<p>Запасайтесь салфетками &ndash; ну очень много крема! :-)&nbsp;</p>','1','74','ПИРОЖНОЕ с заварным кремом, цена за 100г','ПИРОЖНОЕ с заварным кремом, цена за 100г, СЛАДОСТИ','Запасайтесь салфетками – ну очень много крема! :-) ',null,'1',''),
('73','pirog-braunis-shokoladnyj-tsena-za-100g','0','ПИРОГ Браунис шоколадный, цена за 100г','<p>Шоколадный бисквит с орехами</p>','<p>Шоколадный бисквит с орехами</p>','1','66','ПИРОГ Браунис шоколадный, цена за 100г','ПИРОГ Браунис шоколадный, цена за 100г, СЛАДОСТИ','Шоколадный бисквит с орехами',null,'1',''),
('72','maffin-shokoladnyj-65g','0','МАФФИН шоколадный  65г','<p>Сладкая шоколадная радость</p>','<p>Сладкая шоколадная радость</p>','1','65','МАФФИН шоколадный  65г','МАФФИН шоколадный  65г, СЛАДОСТИ','Сладкая шоколадная радость',null,'1',''),
('77','hachapuri-s-suluguni-i-motsarelloj-170g','0','ХАЧАПУРИ с сулугуни и моцареллой  170г','<p>Классический рецепт в неклассическом исполнении</p>','<p>Классический рецепт в неклассическом исполнении</p>','1','69','ХАЧАПУРИ с сулугуни и моцареллой  170г','ХАЧАПУРИ с сулугуни и моцареллой, ВЫПЕЧКА, ШТРУДЕЛИ','Классический рецепт в неклассическом исполнении',null,'1',''),
('79','hachapuri-myasnoe-170g','0','ХАЧАПУРИ мясное  170г','<p>Поджаренная телятина с куриным мясом и специями</p>','<p>Поджаренная телятина с куриным мясом и специями</p>','1','70','ХАЧАПУРИ мясное  170г','ХАЧАПУРИ мясное, ВЫПЕЧКА, ШТРУДЕЛИ','Поджаренная телятина с куриным мясом и специями',null,'1',''),
('82','kruassan-bez-nachinki-90g','0','КРУАССАН без начинки  90г','<p>Нежнейший классический круассан из слоёно-дрожжевого теста</p>','<p>Нежнейший классический круассан из слоёно-дрожжевого теста</p>','1','54','КРУАССАН без начинки  90г','КРУАССАН с ШОКОЛАДОМ, ВЫПЕЧКА','Нежнейший классический круассан из слоёно-дрожжевого теста',null,'1',''),
('69','shtrudel-s-kuritsej-i-morkovyu-200g','0','ШТРУДЕЛЬ с курицей и морковью  200г','<p>Пикантный штрудель с морковью по-корейски и поджаренной курочкой</p>','<p>Пикантный штрудель с морковью по-корейски и поджаренной курочкой</p>','1','63','ШТРУДЕЛЬ с курицей и морковью  200г','ШТРУДЕЛЬ с курицей и морковью, ВЫПЕЧКА, ШТРУДЕЛИ','Пикантный штрудель с морковью по-корейски и поджаренной курочкой',null,'1',''),
('70','maffin-maslyanyj-65g','0','МАФФИН масляный  65г','<p>Лучшее предложение к кофе</p>','<p>Лучшее предложение к кофе</p>','1','64','МАФФИН масляный  65г','МАФФИН масляный  65г, СЛАДОСТИ','Лучшее предложение к кофе',null,'1',''),
('81','sosiska-v-teste-160g','0','СОСИСКА в тесте  160г','<p>Просто, сытно, вкусно :-)&nbsp;</p>','<p>Просто, сытно, вкусно :-)&nbsp;</p>','1','71','СОСИСКА в тесте  160г','СОСИСКА в тесте, ВЫПЕЧКА, ШТРУДЕЛИ','Просто, сытно, вкусно :-) ',null,'1',''),
('66','pirozhok-super-myasnoj-190g','0','ПИРОЖОК супер-мясной  190г','<p>Индейка и курица со специями &ndash; отличное вкусовое сочетание!</p>','<p>Индейка и курица со специями &ndash; отличное вкусовое сочетание!</p>','1','61','ПИРОЖОК супер-мясной  190г','ПИРОЖОК супер-мясной  190г, ПИРОГИ','Индейка и курица со специями – отличное вкусовое сочетание!',null,'1',''),
('67','pirog-indejka-ovoschi','0','ПИРОГ индейка-овощи','<p>Тушёная сочная индейка с сезонными овощами</p>','<p>Тушёная сочная индейка с сезонными овощами</p>','1','59','ПИРОГ индейка-овощи','ПИРОГ индейка-овощи, ПИРОГИ','Тушёная сочная индейка с сезонными овощами',null,'1',''),
('61','pirog-kapustnyj-250g','0','ПИРОГ капустный  250г','<p>Нежная тушёная капуста со специями в слоёно-дрожжевом тесте</p>','<p>Нежная тушёная капуста со специями в слоёно-дрожжевом тесте</p>','1','55','ПИРОГ капустный  250г','ПИРОГ капустный  250г, ПИРОГИ','Нежная тушёная капуста со специями в слоёно-дрожжевом тесте',null,'1',''),
('62','pirog-kartoshka-kopchenosti-230g','0','ПИРОГ картошка-копчёности  230г','<p>Сытный пирог с поджаренным картофелем, копчёным мясом и дижонской горчицей</p>','<p>Сытный пирог с поджаренным картофелем, копчёным мясом и дижонской горчицей</p>','1','57','ПИРОГ картошка-копчёности  230г','ПИРОГ картошка-копчёности  230г, ПИРОГИ','Сытный пирог с поджаренным картофелем, копчёным мясом и дижонской горчицей',null,'1',''),
('63','pirog-brynza-shpinat-250g','0','ПИРОГ брынза-шпинат  250г','<p>Нежный пирог с припущенным шпинатом и местной брынзой в слоёно-дрожжевом тесте</p>','<p>Нежный пирог с припущенным шпинатом и местной брынзой в слоёно-дрожжевом тесте</p>','1','56','ПИРОГ брынза-шпинат  250г','ПИРОГ брынза-шпинат  250г, ПИРОГИ','Нежный пирог с припущенным шпинатом и местной брынзой в слоёно-дрожжевом тесте',null,'1',''),
('65','pirog-kuritsa-griby','0','ПИРОГ курица-грибы','<p>Поджаренная курочка с припущенными шампиньонами и специями</p>','<p>Поджаренная курочка с припущенными шампиньонами и специями</p>','0','58','ПИРОГ курица-грибы','ПИРОГ курица-грибы, ПИРОГИ','Поджаренная курочка с припущенными шампиньонами и специями',null,'1',''),
('53','kruassan_banan','0','КРУАССАН с банановой начинкой  110г','<p>Незабываемый банановый вкус в сочетании с воздушным тестом</p>','<p>Незабываемый банановый вкус в сочетании с воздушным тестом</p>','1','52','КРУАССАН с банановой начинкой  110г','круассан, банан, начинка','Незабываемый банановый вкус в сочетании с воздушным тестом','2015-11-21 23:57:38','1',''),
('54','senvich-kruassan-s-vetchinoj','0','СЭНВИЧ-КРУАССАН с ВЕТЧИНОЙ','<p>Свежеиспечённый круассан с ветчиной, сыром моцарелла, соусом и томатом</p>','','1','118','СЭНВИЧ-КРУАССАН с ВЕТЧИНОЙ','СЭНВИЧ-КРУАССАН с ВЕТЧИНОЙ, СЭНВИЧИ, ПАНИНИ','Свежеиспечённый круассан с ветчиной, сыром моцарелла, соусом и томатом','2015-11-22 13:03:50','1',''),
('55','senvich-kruassan-s-kuritsej-175g','0','СЭНВИЧ-КРУАССАН с КУРИЦЕЙ  175г','<p>Свежеиспечённый круассан с курицей, сыром моцарелла, соусом и томатом</p>','<p><span>Свежеиспечённый круассан с курицей, сыром моцарелла, соусом и томатом</span></p>','1','126','СЭНВИЧ-КРУАССАН с КУРИЦЕЙ  175г','СЭНВИЧ-КРУАССАН с КУРИЦЕЙ, СЭНВИЧИ, ПАНИНИ','Свежеиспечённый круассан с курицей, сыром моцарелла, соусом и томатом','2015-11-22 13:05:36','0',''),
('56','senvich-kruassan-s-semgoj-175g','0','СЭНВИЧ-КРУАССАН с СЁМГОЙ  175г','<p>Свежеиспечённый круассан с малосольной сёмгой и нежным плавленым сыром</p>','<p><span>Свежеиспечённый круассан с малосольной сёмгой и нежным плавленым сыром</span></p>','1','114','СЭНВИЧ-КРУАССАН с СЁМГОЙ  175г','СЭНВИЧ-КРУАССАН с СЁМГОЙ, СЭНВИЧИ, ПАНИНИ','Свежеиспечённый круассан с малосольной сёмгой и нежным плавленым сыром','2015-11-22 13:10:30','1',''),
('57','senvich-chiabata-s-vetchinoj-300g','0','СЭНВИЧ-ЧИАБАТА с ВЕТЧИНОЙ  300г','<p>Большая, сытная чиабата с &nbsp;ветчиной, сыром моцарелла, соусом и томатом</p>','<p><span>Большая, сытная чиабата с &nbsp;ветчиной, сыром моцарелла, соусом и томатом</span></p>','1','117','СЭНВИЧ-ЧИАБАТА с ВЕТЧИНОЙ  300г','СЭНВИЧ-ЧИАБАТА с ВЕТЧИНОЙ, СЭНВИЧИ, ПАНИНИ','Большая, сытная чиабата с  ветчиной, сыром моцарелла, соусом и томатом','2015-11-22 13:13:15','1',''),
('58','senvich-chiabata-s-kuritsej-300g','0','СЭНВИЧ-ЧИАБАТА с КУРИЦЕЙ  300г','<p>Большая, сытная чиабата с &nbsp;курицей, сыром моцарелла, соусом и томатом</p>','<p>Большая, сытная чиабата с &nbsp;курицей, сыром моцарелла, соусом и томатом</p>','1','115','СЭНВИЧ-ЧИАБАТА с КУРИЦЕЙ  300г','СЭНВИЧ-ЧИАБАТА с КУРИЦЕЙ, СЭНВИЧИ, ПАНИНИ','Большая, сытная чиабата с  курицей, сыром моцарелла, соусом и томатом','2015-11-22 13:15:55','1',''),
('86','shtrudel-s-grushej','0','ШТРУДЕЛЬ с грушей','<p>Сезонный штрудель с грушей Дюшес и яблоком</p>','<p>Сезонный штрудель с грушей Дюшес и яблоком</p>','0','104','ШТРУДЕЛЬ с грушей','ШТРУДЕЛЬ с грушей, ВЫПЕЧКА, ШТРУДЕЛИ','Сезонный штрудель с грушей Дюшес и яблоком',null,'1',''),
('83','shtrudel-s-yablokom-i-koritsej-tsena-za-100g','0','ШТРУДЕЛЬ с яблоком и корицей, цена за 100г','<p>Сочный, сладкий штрудель с яблоком и корицей</p>','<p>Сочный, сладкий штрудель с яблоком и корицей</p>','1','73','ШТРУДЕЛЬ с яблоком и корицей, цена за 100г','ШТРУДЕЛЬ с яблоком и корицей, ВЫПЕЧКА, ШТРУДЕЛИ','Сочный, сладкий штрудель с яблоком и корицей',null,'1',''),
('46','kruassan-s-shokoladom-110g','0','КРУАССАН с ШОКОЛАДОМ  110г','<p>Нежное слоёное тесто и львовский шоколад внутри - залог высокой популярности этого круассана у наших гостей</p>','<p><span>Нежное слоёное тесто и львовский шоколад внутри - залог высокой популярности этого круассана у наших гостей</span></p>','1','53','КРУАССАН с ШОКОЛАДОМ  110г','КРУАССАН с ШОКОЛАДОМ, ВЫПЕЧКА','Нежное слоёное тесто и львовский шоколад внутри - залог высокой популярности этого круассана у наших гостей','2015-10-14 12:53:07','1',''),
('84','shtrudel-s-vishnej-tsena-za-100g','0','ШТРУДЕЛЬ с вишней, цена за 100г','<p>Припущенная в сахаре вишня, обёрнутая слоёно-дрожжевым тестом</p>','<p>Припущенная в сахаре вишня, обёрнутая слоёно-дрожжевым тестом</p>','1','101','ШТРУДЕЛЬ с вишней, цена за 100г','ШТРУДЕЛЬ с вишней, ВЫПЕЧКА, ШТРУДЕЛИ','Припущенная в сахаре вишня, обёрнутая слоёно-дрожжевым тестом',null,'1',''),
('85','shtrudel-s-tykvoj','0','ШТРУДЕЛЬ с тыквой','<p>Сезонный штрудель с яблоком и тыквой (или, как говорят в Одессе, с кабаком)</p>','<p>Сезонный штрудель с яблоком и тыквой (или, как говорят в Одессе, с кабаком)</p>','0','105','ШТРУДЕЛЬ с тыквой','ШТРУДЕЛЬ с тыквой, ВЫПЕЧКА, ШТРУДЕЛИ','Сезонный штрудель с яблоком и тыквой (или, как говорят в Одессе, с кабаком)',null,'1',''),
('125','pirozhok-s-kuritsej-i-gribami-250g','0','ПИРОЖОК с курицей и грибами 250г','<p>Поджаренная курочка с припущенными шампиньонами и специями</p>','<p>Поджаренная курочка с припущенными шампиньонами и специями</p>','1','123','ПИРОЖОК с курицей и грибами 250г','ПИРОЖОК с курицей и грибами 250г, СЛОЙКА,ШТРУДЕЛИ','Поджаренная курочка с припущенными шампиньонами и специями',null,'0',''),
('126','okroshka-na-kvase-ili-kurinom-bulone-portsiya-330g','0','ОКРОШКА на квасе или курином бульоне, порция 330г','<p>Классический рецепт первого блюда - очень вкусно и холодненькое :-)&nbsp;</p>','<p>Классический рецепт первого блюда - очень вкусно и холодненькое :-)&nbsp;</p>','0','124','ОКРОШКА на квасе или курином бульоне, порция 330г','ОКРОШКА на квасе или курином бульоне, порция 330г, МЯСНОЕ','Классический рецепт первого блюда - очень вкусно и холодненькое :-) ',null,'1',''),
('127','sosiska-s-zheltym-syrom-v-teste-170g','0','СОСИСКА С ЖЁЛТЫМ СЫРОМ в тесте 170г','<p>Вкуснейшая мясная сосиска с расплавленным жёлтым сыром - очень сытно и ярко!</p>','<p>Вкуснейшая мясная сосиска с расплавленным жёлтым сыром - очень сытно и ярко!</p>','1','128','СОСИСКА С ЖЁЛТЫМ СЫРОМ в тесте 170г','СЭНВИЧ-КРУАССАН с КУРИЦЕЙ, СЭНВИЧИ, ПАНИНИ','Вкуснейшая мясная сосиска с расплавленным жёлтым сыром - очень сытно и ярко!',null,'1',''),
('128','mors-klyukvennyj-s-myatoj','0','МОРС КЛЮКВЕННЫЙ С МЯТОЙ','<p>Полезнейший освежающий (согревающий) осенний напиток - морс из нежно обработанных ягод клюквы и листьев мяты</p>','<p>Полезнейший освежающий (согревающий) осенний напиток - морс из нежно обработанных ягод клюквы и листьев мяты</p>','1','125','МОРС КЛЮКВЕННЫЙ С МЯТОЙ','морс клюква витамины мята освежающий полезный','Полезнейший освежающий (согревающий) осенний напиток - морс из нежно обработанных ягод клюквы и листьев мяты',null,'1',''),
('129','slojka-pikantnaya','0','СЛОЙКА \"ПИКАНТНАЯ\"','<p>Вкуснейшая слойка с брынзой и сладким болгарским перцем, &nbsp;цена указана за 1 кг</p>','<p>Вкуснейшая слойка с брынзой и сладким болгарским перцем, &nbsp;цена указана за 1 кг</p>','1','130','СЛОЙКА \"ПИКАНТНАЯ\"','брынза, болгарский перец','Вкуснейшая слойка с брынзой и сладким болгарским перцем,  цена указана за 1 кг',null,null,''),
('130','ugolok-tvorozhnyj','0','УГОЛОК \"ТВОРОЖНЫЙ\"','<p>Нежная слойка с творогом, брынзой и оригинальной приправой \"заатар\", &nbsp;цена указана за 1 кг</p>','<p>Нежная слойка с творогом, брынзой и оригинальной приправой \"заатар\", &nbsp;цена указана за 1 кг</p>','1','131','УГОЛОК \"ТВОРОЖНЫЙ\"','брынза, творог, приправа \"заатар\"','Нежная слойка с творогом, брынзой и оригинальной приправой \"заатар\",  цена указана за 1 кг',null,null,''),
('131','ugolok-syrnyj-shpinat','0','УГОЛОК \"СЫРНЫЙ ШПИНАТ\"','<p>Пикантная слойка с шпинатом, моцареллой, брынзой и мускатным орехом, &nbsp;цена указана за 1 кг</p>','<p>Пикантная слойка с шпинатом, моцареллой, брынзой и мускатным орехом, &nbsp;цена указана за 1 кг</p>','1','132','УГОЛОК \"СЫРНЫЙ ШПИНАТ\"','шпинат, моцарелла, брынза, мускатный орех','Пикантная слойка с шпинатом, моцареллой, брынзой и мускатным орехом,  цена указана за 1 кг',null,null,''),
('132','rogalik-kapustnyj','0','РОГАЛИК \"КАПУСТНЫЙ\"','<p>Лёгкая слойка с тушёной капустой и специями, &nbsp;цена указана за 1 кг</p>','<p>Лёгкая слойка с тушёной капустой и специями, &nbsp;цена указана за 1 кг</p>','1','133','РОГАЛИК \"КАПУСТНЫЙ\"','капуста, специи','Лёгкая слойка с тушёной капустой и специями,  цена указана за 1 кг',null,null,''),
('133','kolechko-tri-syra','0','КОЛЕЧКО \"ТРИ СЫРА\"','<p>Сытная слойка с моцареллой, сыром гауда, брынзой и укропом, &nbsp;цена указана за 1 кг</p>','<p>Сытная слойка с моцареллой, сыром гауда, брынзой и укропом, &nbsp;цена указана за 1 кг</p>','1','134','КОЛЕЧКО \"ТРИ СЫРА\"','моцарелла, сыр гауда, брынза, укроп','Сытная слойка с моцареллой, сыром гауда, брынзой и укропом,  цена указана за 1 кг',null,null,''),
('134','slojka-margarita','0','СЛОЙКА \"МАРГАРИТА\"','<p>Интересная слойка с моцареллой, помидорами и маслинами/оливками, &nbsp;цена указана за 1 кг</p>','<p>Интересная слойка с моцареллой, помидорами и маслинами/оливками, &nbsp;цена указана за 1 кг</p>','1','135','СЛОЙКА \"МАРГАРИТА\"','моцарелла, помидоры, маслины, оливки','Интересная слойка с моцареллой, помидорами и маслинами/оливками,  цена указана за 1 кг',null,null,''),
('135','slojka-kuritsa-s-gribochkami','0','СЛОЙКА \"КУРИЦА с ГРИБОЧКАМИ\"','<p>Оригинальная слойка с мясом курицы, луком и грибами, &nbsp;цена указана за 1 кг</p>','<p>Оригинальная слойка с мясом курицы, луком и грибами, &nbsp;цена указана за 1 кг</p>','1','136','СЛОЙКА \"КУРИЦА с ГРИБОЧКАМИ\"','мясо курицы, лук, грибы шампиньоны','Оригинальная слойка с мясом курицы, луком и грибами,  цена указана за 1 кг',null,null,''),
('136','ugolok-super-myasnoj','0','УГОЛОК \"СУПЕР-МЯСНОЙ\"','<p>Необычная слойка с мясом курицы, говядиной, яйцами, луком, горчицей и корицей, &nbsp;цена указана за 1 кг</p>','<p>Необычная слойка с мясом курицы, говядиной, яйцами, луком, горчицей и корицей, &nbsp;цена указана за 1 кг</p>','1','137','УГОЛОК \"СУПЕР-МЯСНОЙ\"','мясо курицы, говядина, яйца, лук, дижонская горчица, корица','Необычная слойка с мясом курицы, говядиной, яйцами, луком, горчицей и корицей,  цена указана за 1 кг',null,null,''),
('137','slojka-griby-v-syre','0','СЛОЙКА \"ГРИБЫ в СЫРЕ\"','<p>Французская слойка с грибочками, моцареллой, сливочным маслом и шалфеем, &nbsp;цена указана за 1 кг</p>','<p>Французская слойка с грибочками, моцареллой, сливочным маслом и шалфеем, &nbsp;цена указана за 1 кг</p>','1','138','СЛОЙКА \"ГРИБЫ в СЫРЕ\"','моцарелла, грибы шампиньоны,  сливочное масло, шалфей','Французская слойка с грибочками, моцареллой, сливочным маслом и шалфеем,  цена указана за 1 кг',null,null,''),
('138','slojka-sytnaya-myasnaya','0','СЛОЙКА \"СЫТНАЯ МЯСНАЯ\"','<p>Слойка для утоления сильного голода с говядиной, луком, баклажаном, мускатным орехом и приправой \"зира\", &nbsp;цена указана за 1 кг</p>','<p>Слойка для утоления сильного голода с говядиной, луком, баклажаном, мускатным орехом и приправой \"зира\", &nbsp;цена указана за 1 кг</p>','1','139','СЛОЙКА \"СЫТНАЯ МЯСНАЯ\"','говядина, лук, баклажан,  мускатный орех, приправа зира','Слойка для утоления сильного голода с говядиной, луком, баклажаном, мускатным орехом и приправой \"зира\",  цена указана за 1 кг',null,null,''),
('139','slojka-legkaya-myasnaya','0','СЛОЙКА \"ЛЁГКАЯ МЯСНАЯ\"','<p>Лёгкая слойка для утоления сильного голода с индейкой, луком, сладкой паприкой и петрушкой, &nbsp;цена указана за 1 кг</p>','<p>Лёгкая слойка для утоления сильного голода с индейкой, луком, сладкой паприкой и петрушкой, &nbsp;цена указана за 1 кг</p>','1','140','СЛОЙКА \"ЛЁГКАЯ МЯСНАЯ\"','индейка, лук, сладкая паприка,  петрушка','Лёгкая слойка для утоления сильного голода с индейкой, луком, сладкой паприкой и петрушкой,  цена указана за 1 кг',null,null,''),
('140','slojka-sochnaya-vishnya','0','СЛОЙКА \"СОЧНАЯ ВИШНЯ\"','<p>Вкуснейшая слойка с натуральной вишней в сахаре, &nbsp;цена указана за 1 кг</p>','<p>Вкуснейшая слойка с натуральной вишней в сахаре, &nbsp;цена указана за 1 кг</p>','1','141','СЛОЙКА \"СОЧНАЯ ВИШНЯ\"','вишня в сахаре','Вкуснейшая слойка с натуральной вишней в сахаре,  цена указана за 1 кг',null,null,''),
('141','plyushka-syrnik','0','ПЛЮШКА \"СЫРНИК\"','<p>Нежная слойка со сладким творогом и изюмом, &nbsp;цена указана за 1 кг</p>','<p>Нежная слойка со сладким творогом и изюмом, &nbsp;цена указана за 1 кг</p>','1','142','ПЛЮШКА \"СЫРНИК\"','сладкий творог, изюм','Нежная слойка со сладким творогом и изюмом,  цена указана за 1 кг',null,null,''),
('142','rakushka-nezhnaya-koritsa','0','РАКУШКА \"НЕЖНАЯ КОРИЦА\"','<p>Популярная слойка со сладкой корицей на сливочном масле, &nbsp;цена указана за 1 кг</p>','<p>Популярная слойка со сладкой корицей на сливочном масле, &nbsp;цена указана за 1 кг</p>','1','143','РАКУШКА \"НЕЖНАЯ КОРИЦА\"','сахар, корица, сливочное масло','Популярная слойка со сладкой корицей на сливочном масле,  цена указана за 1 кг',null,null,''),
('143','slojka-yablochnoe-naslazhdenie','0','СЛОЙКА \"ЯБЛОЧНОЕ НАСЛАЖДЕНИЕ\"','<p>Вкусная сладкая слойка с яблоком, корицей, лимоном и имбирём, &nbsp;цена указана за 1 кг</p>','<p>Вкусная сладкая слойка с яблоком, корицей, лимоном и имбирём, &nbsp;цена указана за 1 кг</p>','1','144','СЛОЙКА \"ЯБЛОЧНОЕ НАСЛАЖДЕНИЕ\"','яблоко, корица, лимон, имбирь','Вкусная сладкая слойка с яблоком, корицей, лимоном и имбирём,  цена указана за 1 кг',null,null,''),
('144','mini-kruassan-shokoladka','0','Мини-круассан \"ШОКОЛАДКА\"','<p>Классический круассан с шоколадом ручной работы, &nbsp;цена указана за 1 кг</p>','<p>Классический круассан с шоколадом ручной работы, &nbsp;цена указана за 1 кг</p>','1','145','Мини-круассан \"ШОКОЛАДКА\"','шоколад ручной работы','Классический круассан с шоколадом ручной работы,  цена указана за 1 кг',null,null,''),
('145','konvert-nezhnost','0','КОНВЕРТ \"НЕЖНОСТЬ\"','<p>Нежная слойка со сливочным заварным кремом, &nbsp;цена указана за 1 кг</p>','<p>Нежная слойка со сливочным заварным кремом, &nbsp;цена указана за 1 кг</p>','1','146','КОНВЕРТ \"НЕЖНОСТЬ\"','сливочный заварной крем','Нежная слойка со сливочным заварным кремом,  цена указана за 1 кг',null,null,''),
('146','brusketta-s-kuritsej-170g','0','БРУСКЕТТА с КУРИЦЕЙ 170г','<p>Классическая итальянская пшеничная брускетта с сыром моцарелла, курицей и овощами - очень сытно и вкусно!</p>','<p>Классическая итальянская пшеничная брускетта с сыром моцарелла, курицей и овощами - очень сытно и вкусно!</p>','0','130','БРУСКЕТТА с КУРИЦЕЙ 170г','СЭНВИЧ-КРУАССАН с КУРИЦЕЙ, СЭНВИЧИ, ПАНИНИ','Классическая итальянская пшеничная брускетта с сыром моцарелла, курицей и овощами - очень сытно и вкусно!',null,'0',''),
('147','brusketta-s-vetchinoj-170g','0','БРУСКЕТТА с ВЕТЧИНОЙ 170г','<p>Классическая итальянская пшеничная брускетта с сыром моцарелла, ветчиной и овощами - очень сытно и вкусно!</p>','<p>Классическая итальянская пшеничная брускетта с сыром моцарелла, ветчиной и овощами - очень сытно и вкусно!</p>','0','127','БРУСКЕТТА с ВЕТЧИНОЙ 170г','брускетта, ветчина, СЭНВИЧ, ПАНИНИ','Классическая итальянская пшеничная брускетта с сыром моцарелла, ветчиной и овощами - очень сытно и вкусно!',null,'0',''),
('148','brusketta-s-semgoj-180g','0','БРУСКЕТТА с СЁМГОЙ 180г','<p>Классическая итальянская пшеничная брускетта с ломтиками сёмги, яйцом и соусом - очень сытно и вкусно!</p>','<p>Классическая итальянская пшеничная брускетта с ломтиками сёмги, яйцом и соусом - очень сытно и вкусно!</p>','0','129','БРУСКЕТТА с СЁМГОЙ 180г','брускетта, семга, СЭНВИЧ, ПАНИНИ','Классическая итальянская пшеничная брускетта с ломтиками сёмги, яйцом и соусом - очень сытно и вкусно!',null,'0',''),
('149','tort-zimnyaya-vishnya','0','ТОРТ \"ЗИМНЯЯ ВИШНЯ\"','<p>Нежнейший бисквит, запечённый в специальной печи, с натуральной вишней и пропитанный сливочным кремом, &nbsp;цена указана за 100г</p>','<p>Нежнейший бисквит, запечённый в специальной печи, с натуральной вишней и пропитанный сливочным кремом, &nbsp;цена указана за 100г</p>','1','147','ТОРТ \"ЗИМНЯЯ ВИШНЯ\"','вишня, бисквит, сливочный крем','Нежнейший бисквит, запечённый в специальной печи, с натуральной вишней и пропитанный сливочным кремом, цена указана за 100г',null,'1',''),
('150','myasnye-kolbaski-s-kvashenoj-kapustoj-200g','0','МЯСНЫЕ КОЛБАСКИ с квашеной капустой  200г','<p>Сытные мясные колбаски с квашеной капустой - идеальное сочетание вкусов!</p>','<p>Сытные мясные колбаски с квашеной капустой - идеальное сочетание вкусов!</p>','1','148','МЯСНЫЕ КОЛБАСКИ с квашеной капустой  200г','колбаски, капуста, мясо','Сытные мясные колбаски с квашеной капустой - идеальное сочетание вкусов!',null,'0',''),
('151','pirog-shepards-paj','0','Пирог ШЕПАРДС ПАЙ','<p>Интерпретация классического английского пирога:&nbsp;<span style=\"font-size: 14px;\">слоёное тесто с начинкой из тушёной говядины и картофельного пюре</span></p>','<p>Интерпретация классического английского пирога:&nbsp;<span style=\"font-size: 14px;\">слоёное тесто с начинкой из тушёной говядины и картофельного пюре</span></p>','1','151','Пирог ШЕПАРДС ПАЙ','Пирог ШЕПАРДС ПАЙ, ПИРОГИ','интерпретация классического английского пирога:\r\nслоёное тесто с начинкой из тушёной говядины и картофельного пюре','2017-03-21 12:43:17','1',''),
('152','pirog-bryusselskij','0','Пирог БРЮССЕЛЬСКИЙ','<p>Бельгийский открытый пирог с начинкой из брокколи и брюссельской капусты</p>','<p>Бельгийский открытый пирог с начинкой из брокколи и брюссельской капусты</p>','1','152','Пирог БРЮССЕЛЬСКИЙ','Пирог БРЮССЕЛЬСКИЙ, ПИРОГИ','бельгийский открытый пирог с начинкой из брокколи и брюссельской капусты','2017-03-21 12:46:16','1',''),
('153','shakshuka-na-sloenom-teste','0','ШАКШУКА на слоёном тесте','<p>Еврейский национальный завтрак:&nbsp;<span style=\"font-size: 14px;\">яичница-глазунья с томатами и болгарским перцем</span></p>','<p>Еврейский национальный завтрак:&nbsp;<span style=\"font-size: 14px;\">яичница-глазунья с томатами и болгарским перцем</span></p>','1','158','ШАКШУКА на слоёном тесте','ШАКШУКА на слоёном тесте, ПИРОГИ','еврейский национальный завтрак: яичница-глазунья с томатами и болгарским перцем','2017-03-21 12:49:04','1',''),
('154','frantsuzskij-pirog-kish-s-kuritsej-i-gribami','0','Французский пирог КИШ с курицей и грибами','<p>Французский открытый пирог из песочного теста с начинкой из курицы и шампиньонов в сливочной заливке</p>','<p>Французский открытый пирог из песочного теста с начинкой из курицы и шампиньонов<span>&nbsp;в сливочной заливке</span></p>','1','159','Французский пирог КИШ с курицей и грибами','Французский пирог КИШ с курицей и грибами, ПИРОГИ','Французский открытый пирог из песочного теста с начинкой из курицы и шампиньонов в сливочной заливке','2017-03-21 13:00:02','1',''),
('155','kapkejk-omlet-s-vetchinoj','0','Капкейк ОМЛЕТ с ветчиной','<p>Омлет с томатами, ветчиной и сыром в популярной форме \"капкейк\"</p>','<p>Омлет с томатами, ветчиной и сыром в популярной форме \"капкейк\"</p>','1','157','Капкейк ОМЛЕТ с ветчиной','Капкейк ОМЛЕТ с ветчиной, ПИРОГИ','Омлет с томатами, ветчиной и сыром в популярной форме \"капкейк\"','2017-03-21 13:02:25','1',''),
('156','pirog-spanakopita-iz-testa-filo','0','Пирог СПАНАКОПИТА из теста \"ФИЛО\"','<p>Греческие пирожки из теста &ldquo;ФИЛО&rdquo; с начинкой из сыра &ldquo;ФЕТА&rdquo; и шпината</p>','<p>Греческие пирожки из теста &ldquo;ФИЛО&rdquo; с начинкой из сыра &ldquo;ФЕТА&rdquo; и шпината</p>','1','154','Пирог СПАНАКОПИТА из теста \"ФИЛО\"','Пирог СПАНАКОПИТА из теста \"ФИЛО\", ПИРОГИ','Греческие пирожки из теста “ФИЛО” с начинкой из сыра “ФЕТА” и шпината','2017-03-21 13:04:57','1',''),
('157','pankejki-s-dzhemami','0','ПАНКЕЙКИ с джемами','<p>Американские BIG-SIZE оладьи с ягодным джемом</p>','<p>Американские BIG-SIZE оладьи с ягодным джемом</p>','1','153','ПАНКЕЙКИ с джемами','ПАНКЕЙКИ с джемами, СЛАДОСТИ','Американские BIG-SIZE оладьи с ягодным джемом','2017-03-21 13:09:51','1',''),
('158','kapkejk-zaher','0','Капкейк ЗАХЕР','<p>Аналог классического австрийского торта &ldquo;ЗАХЕР&rdquo; в форме капкейка: шоколадный бисквит с абрикосовым джемом и сливочным сыром &ldquo;МАСКАРПОНЕ&rdquo;</p>','<p>Аналог классического австрийского торта &ldquo;ЗАХЕР&rdquo; в форме капкейка: шоколадный бисквит с абрикосовым джемом и сливочным сыром &ldquo;МАСКАРПОНЕ&rdquo;</p>','1','155','Капкейк ЗАХЕР','Капкейк ЗАХЕР, СЛАДОСТИ','Аналог классического австрийского торта “ЗАХЕР” в форме капкейка: шоколадный бисквит с абрикосовым джемом и сливочным сыром “МАСКАРПОНЕ”','2017-03-21 13:31:21','1',''),
('159','kapkejk-limonnyj','0','Капкейк \"ЛИМОННЫЙ\"','<p>Лимонный бисквит, лимонный крем, безе</p>','<p>Лимонный бисквит, лимонный крем, безе</p>','1','156','Капкейк \"ЛИМОННЫЙ\"','Капкейк \"ЛИМОННЫЙ\", СЛАДОСТИ','Лимонный бисквит, лимонный крем, безе','2017-03-21 13:33:09','1',''),
('160','morkovnyj-kapkejk-pryanyj','0','Морковный капкейк \"ПРЯНЫЙ\"','<p>Аналог английского морковного пирога: пряный бисквит с морковью и изюмом, апельсиновый конфи, сливочный сыр &ldquo;МАСКАРПОНЕ&rdquo;</p>','<p>Аналог английского морковного пирога: пряный бисквит с морковью и изюмом, апельсиновый конфи, сливочный сыр &ldquo;МАСКАРПОНЕ&rdquo;</p>','1','160','Морковный капкейк \"ПРЯНЫЙ\"','Морковный капкейк \"ПРЯНЫЙ\", СЛАДОСТИ','Аналог английского морковного пирога: пряный бисквит с морковью и изюмом, апельсиновый конфи, сливочный сыр “МАСКАРПОНЕ”','2017-03-21 13:35:40','1','');

/* Data for table s_products_categories */
TRUNCATE TABLE `s_products_categories`;
INSERT INTO `s_products_categories` (`product_id`, `category_id`, `position`) VALUES
('101','12','0'),
('99','11','0'),
('98','12','0'),
('102','6','0'),
('97','12','0'),
('96','11','0'),
('95','11','0'),
('103','9','0'),
('94','11','0'),
('93','11','0'),
('92','11','0'),
('82','6','0'),
('79','6','0'),
('81','6','0'),
('77','6','0'),
('72','10','0'),
('100','12','0'),
('67','7','0'),
('66','7','0'),
('65','7','0'),
('73','10','0'),
('63','7','0'),
('62','7','0'),
('61','7','0'),
('70','10','0'),
('69','6','0'),
('58','8','0'),
('57','8','0'),
('56','8','0'),
('55','8','0'),
('54','8','0'),
('53','6','0'),
('90','10','0'),
('89','10','0'),
('88','10','0'),
('87','6','0'),
('86','6','0'),
('85','6','0'),
('46','6','0'),
('84','6','0'),
('83','6','0'),
('91','11','0'),
('104','9','0'),
('105','9','0'),
('106','9','0'),
('107','10','0'),
('108','10','0'),
('109','13','0'),
('110','13','0'),
('111','13','0'),
('113','13','0'),
('114','13','0'),
('115','10','0'),
('116','13','0'),
('117','13','0'),
('118','13','0'),
('119','13','0'),
('120','13','0'),
('121','10','0'),
('122','13','0'),
('123','6','0'),
('124','6','0'),
('125','6','0'),
('126','12','0'),
('127','6','0'),
('128','13','0'),
('129','14','0'),
('130','14','0'),
('131','14','0'),
('132','14','0'),
('133','14','0'),
('134','14','0'),
('135','14','0'),
('136','14','0'),
('137','14','0'),
('138','14','0'),
('139','14','0'),
('140','14','0'),
('141','14','0'),
('142','14','0'),
('143','14','0'),
('144','14','0'),
('145','14','0'),
('146','8','0'),
('147','8','0'),
('148','8','0'),
('149','10','0'),
('150','12','0'),
('151','7','0'),
('152','7','0'),
('153','7','0'),
('154','7','0'),
('155','7','0'),
('156','7','0'),
('157','10','0'),
('158','10','0'),
('159','10','0'),
('160','10','0');

/* Data for table s_purchases */
TRUNCATE TABLE `s_purchases`;
INSERT INTO `s_purchases` (`id`, `order_id`, `product_id`, `variant_id`, `product_name`, `variant_name`, `price`, `amount`, `sku`) VALUES
('20','7','104','114','ПИЦЦА куриная д=25см','','36.99','8','315'),
('21','8','58','68','СЭНВИЧ-ЧИАБАТА с КУРИЦЕЙ','','27.99','1','2936'),
('22','8','124','134','ПИТА с КУРИЦЕЙ и КОРЕЙСКОЙ МОРКОВКОЙ','','16.99','1','3131'),
('23','9','108','118','БЕРЛИНЕР с ириской','','8.50','1','524'),
('24','10','105','115','ПИЦЦА мясная, сектор','','14.99','1','3161'),
('25','11','123','133','КОСА с абрикосом','','16.99','1','542'),
('26','12','88','98','ПИРОЖНОЕ с заварным кремом','','12.99','3','7532'),
('27','12','92','102','ПЕЛЬМЕНИ свино-говяжьи, порция','','27.99','2','102'),
('28','13','57','67','СЭНВИЧ-ЧИАБАТА с ВЕТЧИНОЙ','','27.99','1','2935'),
('29','13','62','72','ПИРОГ картошка-копчёности','','25.99','1','8618'),
('30','13','67','77','ПИРОГ индейка-овощи','','25.99','2','8619'),
('31','13','88','98','ПИРОЖНОЕ с заварным кремом','','12.99','2','7532'),
('32','13','124','134','ПИТА с КУРИЦЕЙ и КОРЕЙСКОЙ МОРКОВКОЙ','','16.99','1','3131'),
('33','14','63','73','ПИРОГ брынза-шпинат  250г','','27.99','1','8617'),
('34','14','77','87','ХАЧАПУРИ с сулугуни и моцареллой  170г','','15.99','1','327'),
('35','14','83','93','ШТРУДЕЛЬ с яблоком и корицей, цена за 100г','','8.50','1','535'),
('36','14','92','102','ПЕЛЬМЕНИ свино-говяжьи, порция 220г','','27.99','1','102'),
('37','14','94','104','ВАРЕНИКИ  с капустой, порция 220г','','19.99','1','110'),
('38','14','101','111','КОЛБАСКИ жареные в ассортименте, цена за 100г','','17.00','2','179'),
('39','14','118','128','КОМПОТ ягодный','','8.99','2','8652'),
('40','15','46','56','КРУАССАН с ШОКОЛАДОМ  110г','','9.99','1','515'),
('41','15','53','63','КРУАССАН с банановой начинкой  110г','','9.99','1','517'),
('42','15','62','72','ПИРОГ картошка-копчёности  230г','','26.99','1','8618'),
('43','15','67','77','ПИРОГ индейка-овощи','','25.99','1','8619'),
('44','15','72','82','МАФФИН шоколадный  65г','','6.50','1','217'),
('45','15','73','83','ПИРОГ Браунис шоколадный, цена за 100г','','10.50','1','219'),
('46','15','84','94','ШТРУДЕЛЬ с вишней, цена за 100г','','14.99','1','536'),
('47','15','88','98','ПИРОЖНОЕ с заварным кремом, цена за 100г','','12.99','1','7532'),
('48','15','108','118','БЕРЛИНЕР с ириской  100г','','8.50','1','524'),
('49','15','128','138','МОРС КЛЮКВЕННЫЙ С МЯТОЙ','','9.99','1','8677'),
('50','15','149','159','ТОРТ \"ЗИМНЯЯ ВИШНЯ\"','','19.99','1','7540');

/* Data for table s_related_products */
TRUNCATE TABLE `s_related_products`;
INSERT INTO `s_related_products` (`product_id`, `related_id`, `position`) VALUES
('53','46','0');

/* Data for table s_settings */
TRUNCATE TABLE `s_settings`;
INSERT INTO `s_settings` (`setting_id`, `name`, `value`) VALUES
('8','site_name','Мы просто доставляем всегда вкусную еду - ТМ \"ПЕКАРСКИЙ ДВОР\"'),
('9','company_name','ООО \"ПЕКАРСКИЙ ДВОР\"'),
('50','units','шт.'),
('53','date_format','d.m.Y'),
('54','order_email','info@vipechka.od.ua, sale@vipechka.od.ua, pekar@te.net.ua'),
('55','comment_email','info@vipechka.od.ua, sale@vipechka.od.ua'),
('56','notify_from_email','info@vipechka.od.ua	'),
('57','decimals_point','.'),
('58','thousands_separator',' '),
('59','products_num','12'),
('60','products_num_admin','100'),
('30','theme','zeon'),
('33','products_num','12'),
('34','products_num_admin','100'),
('111','last_1c_orders_export_date','2011-07-30 21:31:56'),
('112','license','bhbcfgkhfe iomjlglmpl rqwqxrtpz6 898495c7 cfee'),
('113','max_order_amount','50'),
('114','watermark_offset_x','25'),
('115','watermark_offset_y','15'),
('116','watermark_transparency','50'),
('117','images_sharpen','15'),
('119','admin_email','info@vipechka.od.ua	'),
('120','pz_server',''),
('121','pz_password',''),
('122','pz_phones','a:1:{s:7:\"admiral\";s:0:\"\";}');

/* Data for table s_users */
TRUNCATE TABLE `s_users`;

/* Data for table s_variants */
TRUNCATE TABLE `s_variants`;
INSERT INTO `s_variants` (`id`, `product_id`, `sku`, `name`, `price`, `compare_price`, `stock`, `position`, `attachment`, `external_id`) VALUES
('108','98','121','','18.99','0.00',null,'108','',''),
('107','97','120','','21.50','0.00',null,'107','',''),
('106','96','112','','20.99','0.00',null,'106','',''),
('105','95','111','','19.99','0.00',null,'105','',''),
('104','94','110','','19.99','0.00',null,'104','',''),
('103','93','103','','27.99','0.00',null,'103','',''),
('102','92','102','','27.99','0.00',null,'102','',''),
('101','91','101','','25.99','0.00',null,'101','',''),
('100','90','7537','','11.99','0.00',null,'100','',''),
('92','82','520','','7.50','0.00',null,'92','',''),
('89','79','328','','15.99','0.00',null,'89','',''),
('91','81','4051','','12.99','0.00',null,'91','',''),
('87','77','327','','15.99','0.00',null,'87','',''),
('82','72','217','','7.99','0.00',null,'82','',''),
('77','67','8619','','25.99','0.00',null,'77','',''),
('76','66','8714','','19.99','0.00',null,'76','',''),
('75','65','8620','','13.99','0.00',null,'75','',''),
('83','73','219','','10.50','0.00',null,'83','',''),
('73','63','8617','','27.99','0.00',null,'73','',''),
('72','62','8618','','26.99','0.00',null,'72','',''),
('71','61','8616','','17.99','0.00',null,'71','',''),
('80','70','217','','7.99','0.00',null,'80','',''),
('79','69','3131','','16.99','0.00',null,'79','',''),
('68','58','2936','','27.99','0.00',null,'68','',''),
('67','57','2935','','27.99','0.00',null,'67','',''),
('66','56','2937','','22.50','0.00',null,'66','',''),
('65','55','2934','','22.50','0.00',null,'65','',''),
('64','54','2933','','22.50','0.00',null,'64','',''),
('63','53','517','','9.99','0.00',null,'63','',''),
('99','89','7534','','12.99','0.00',null,'99','',''),
('98','88','7532','','12.99','0.00',null,'98','',''),
('97','87','537','','13.99','0.00',null,'97','',''),
('96','86','539','','16.99','0.00',null,'96','',''),
('95','85','538','','13.99','0.00',null,'95','',''),
('56','46','515','','9.99','0.00',null,'56','',''),
('94','84','536','','14.99','0.00',null,'94','',''),
('93','83','535','','8.50','0.00',null,'93','',''),
('109','99','122','','16.99','0.00',null,'109','',''),
('110','100','130','','16.99','0.00',null,'110','',''),
('111','101','179','','17.00','0.00',null,'111','',''),
('112','102','2721','','33.99','0.00',null,'112','',''),
('113','103','316','','36.99','0.00',null,'113','',''),
('114','104','315','','36.99','0.00',null,'114','',''),
('115','105','3161','','14.99','0.00',null,'115','',''),
('116','106','3163','','14.99','0.00',null,'116','',''),
('117','107','523','','8.50','0.00',null,'117','',''),
('118','108','524','','8.50','0.00',null,'118','',''),
('119','109','830','','16.50','0.00',null,'119','',''),
('120','110','650','','49.99','0.00',null,'120','',''),
('121','111','801','','14.99','0.00',null,'121','',''),
('123','113','983','','38.00','0.00',null,'123','',''),
('124','114','890','','39.99','0.00',null,'124','',''),
('125','115','755','','14.50','0.00',null,'125','',''),
('126','116','850','','15.99','0.00',null,'126','',''),
('127','117','860','','16.99','0.00',null,'127','',''),
('128','118','8652','','8.99','0.00',null,'128','',''),
('129','119','8672','','10.99','0.00',null,'129','',''),
('130','120','8675','','6.99','0.00',null,'130','',''),
('131','121','607','','29.99','0.00',null,'131','',''),
('132','122','800','','18.99','0.00',null,'132','',''),
('133','123','542','','16.99','0.00',null,'133','',''),
('134','124','3131','','16.99','0.00',null,'134','',''),
('135','125','4301','','24.99','0.00',null,'135','',''),
('136','126','9842','','15.99','0.00',null,'136','',''),
('137','127','4052','','15.99','0.00',null,'137','',''),
('138','128','8677','','9.99','0.00',null,'138','',''),
('139','129','7141','','112.00','0.00',null,'139','',''),
('140','130','7142','','130.00','0.00',null,'140','',''),
('141','131','7143','','122.00','0.00',null,'141','',''),
('142','132','7144','','69.00','0.00',null,'142','',''),
('143','133','7145','','141.00','0.00',null,'143','',''),
('144','134','7146','','131.00','0.00',null,'144','',''),
('145','135','7147','','106.00','0.00',null,'145','',''),
('146','136','7148','','135.00','0.00',null,'146','',''),
('147','137','7149','','108.00','0.00',null,'147','',''),
('148','138','7150','','122.00','0.00',null,'148','',''),
('149','139','7151','','162.00','0.00',null,'149','',''),
('150','140','7161','','90.00','0.00',null,'150','',''),
('151','141','7162','','118.00','0.00',null,'151','',''),
('152','142','7163','','173.00','0.00',null,'152','',''),
('153','143','7164','','99.00','0.00',null,'153','',''),
('154','144','7165','','194.00','0.00',null,'154','',''),
('155','145','7166','','105.00','0.00',null,'155','',''),
('156','146','2938','','24.99','0.00',null,'156','',''),
('157','147','2939','','24.99','0.00',null,'157','',''),
('158','148','2940','','29.99','0.00',null,'158','',''),
('159','149','7540','','16.99','0.00',null,'159','',''),
('160','150','1791','','24.99','0.00',null,'160','',''),
('161','151','2950','','39.99','0.00',null,'161','',''),
('162','152','2952','','34.99','0.00',null,'162','',''),
('163','153','2954','','39.99','0.00',null,'163','',''),
('164','154','2951','','39.99','0.00',null,'164','',''),
('165','155','2955','','15.99','0.00',null,'165','',''),
('166','156','2953','','29.99','0.00',null,'166','',''),
('167','157','7552','','19.99','0.00',null,'167','',''),
('168','158','7554','','16.99','0.00',null,'168','',''),
('169','159','7556','','16.99','0.00',null,'169','',''),
('170','160','7555','','16.99','0.00',null,'170','','');

